/*
SQLyog Ultimate v10.00 Beta1
MySQL - 5.7.18-log : Database - careserve
*********************************************************************
*/

/*!40101 SET NAMES utf8 */;

/*!40101 SET SQL_MODE=''*/;

/*!40014 SET @OLD_UNIQUE_CHECKS=@@UNIQUE_CHECKS, UNIQUE_CHECKS=0 */;
/*!40014 SET @OLD_FOREIGN_KEY_CHECKS=@@FOREIGN_KEY_CHECKS, FOREIGN_KEY_CHECKS=0 */;
/*!40101 SET @OLD_SQL_MODE=@@SQL_MODE, SQL_MODE='NO_AUTO_VALUE_ON_ZERO' */;
/*!40111 SET @OLD_SQL_NOTES=@@SQL_NOTES, SQL_NOTES=0 */;
CREATE DATABASE /*!32312 IF NOT EXISTS*/`careserve` /*!40100 DEFAULT CHARACTER SET utf8 */;

USE `careserve`;

/*Table structure for table `ca_booking` */

DROP TABLE IF EXISTS `ca_booking`;

CREATE TABLE `ca_booking` (
  `id` bigint(20) NOT NULL AUTO_INCREMENT,
  `bksrctypeid` int(11) NOT NULL DEFAULT '0',
  `rsvid` bigint(20) NOT NULL DEFAULT '0',
  `guestid` bigint(20) NOT NULL DEFAULT '0',
  `rmtypeid` bigint(20) NOT NULL DEFAULT '0',
  `roomid` bigint(20) NOT NULL DEFAULT '0',
  `rmrate` double(10,2) NOT NULL DEFAULT '0.00',
  `guesta` int(11) NOT NULL DEFAULT '0',
  `guestc` int(11) NOT NULL DEFAULT '0',
  `guestc2` int(11) NOT NULL DEFAULT '0',
  `isovernight` bit(1) NOT NULL DEFAULT b'0',
  `bkstat` bit(1) NOT NULL DEFAULT b'1',
  `createdbyid` bigint(20) NOT NULL DEFAULT '0',
  `datecreated` datetime NOT NULL DEFAULT CURRENT_TIMESTAMP,
  `modifiedbyid` bigint(20) NOT NULL DEFAULT '0',
  `datemodified` datetime NOT NULL DEFAULT CURRENT_TIMESTAMP,
  PRIMARY KEY (`id`,`rsvid`)
) ENGINE=InnoDB AUTO_INCREMENT=12 DEFAULT CHARSET=latin1;

/*Data for the table `ca_booking` */

insert  into `ca_booking`(`id`,`bksrctypeid`,`rsvid`,`guestid`,`rmtypeid`,`roomid`,`rmrate`,`guesta`,`guestc`,`guestc2`,`isovernight`,`bkstat`,`createdbyid`,`datecreated`,`modifiedbyid`,`datemodified`) values (1,0,0,1,1,1,500.00,11,0,0,'\0','\0',1,'2017-05-28 12:44:06',1,'2017-06-11 18:03:45'),(2,0,0,2,2,15,500.00,11,0,0,'\0','\0',1,'2017-05-28 12:51:40',1,'2017-06-11 18:03:49'),(3,0,0,2,1,2,500.00,2,0,0,'\0','\0',1,'2017-05-31 16:29:02',1,'2017-06-11 18:03:55'),(4,0,0,1,2,16,500.00,3,2,0,'','',1,'2017-06-11 18:01:58',1,'2017-09-09 15:38:48'),(5,0,0,2,1,1,500.00,2,2,0,'\0','',1,'2017-06-12 06:59:41',0,'2017-06-12 06:59:41'),(6,0,0,3,1,4,500.00,2,0,0,'','\0',1,'2017-09-06 20:02:13',1,'2017-09-07 02:38:13'),(7,0,0,4,1,2,500.00,2,0,0,'','\0',1,'2017-09-07 02:22:05',1,'2017-09-07 02:38:20'),(8,0,0,5,2,15,500.00,7,2,1,'\0','',1,'2017-09-10 11:27:36',1,'2017-09-11 18:38:28'),(9,0,0,6,1,2,500.00,3,0,0,'','',1,'2017-09-11 21:16:48',0,'2017-09-11 21:16:48'),(10,0,0,6,1,3,500.00,5,0,0,'','',1,'2017-09-11 23:06:22',0,'2017-09-11 23:06:22'),(11,0,0,7,3,17,1000.00,5,3,5,'\0','',1,'2017-09-12 10:17:05',0,'2017-09-12 10:17:05');

/*Table structure for table `ca_booking_guest` */

DROP TABLE IF EXISTS `ca_booking_guest`;

CREATE TABLE `ca_booking_guest` (
  `id` bigint(20) NOT NULL AUTO_INCREMENT,
  `bkid` bigint(20) NOT NULL DEFAULT '0',
  `bcid` varchar(20) NOT NULL DEFAULT '''0000000000''',
  `gname` varchar(50) DEFAULT NULL,
  `gclass` int(11) NOT NULL DEFAULT '1',
  `timein` time DEFAULT NULL,
  `entryflag` bit(1) NOT NULL DEFAULT b'0',
  `exitflag` bit(1) NOT NULL DEFAULT b'0',
  `expdate` datetime DEFAULT NULL,
  `createdbyid` bigint(20) NOT NULL DEFAULT '0',
  `datecreated` datetime NOT NULL DEFAULT '0000-00-00 00:00:00',
  PRIMARY KEY (`id`,`bkid`,`bcid`)
) ENGINE=InnoDB AUTO_INCREMENT=43 DEFAULT CHARSET=latin1;

/*Data for the table `ca_booking_guest` */

insert  into `ca_booking_guest`(`id`,`bkid`,`bcid`,`gname`,`gclass`,`timein`,`entryflag`,`exitflag`,`expdate`,`createdbyid`,`datecreated`) values (1,3,'0000001',NULL,1,'16:29:34','','\0','2017-06-09 05:00:00',1,'2017-05-31 16:29:34'),(2,3,'0000002',NULL,1,'06:48:51','\0','','2017-06-09 05:00:00',1,'2017-06-02 06:48:51'),(3,4,'0000003',NULL,1,'18:08:17','','\0','2017-06-12 05:00:00',1,'2017-06-12 05:00:00'),(4,4,'0000004',NULL,1,'18:08:18','','\0','2017-06-12 05:00:00',1,'2017-06-12 05:00:00'),(5,5,'0000005',NULL,1,'07:10:15','\0','\0','2017-06-12 17:00:00',1,'2017-06-12 07:10:15'),(6,5,'0000006',NULL,1,'07:25:25','\0','\0','2017-06-12 17:00:00',1,'2017-06-12 07:25:25'),(7,5,'0000007',NULL,1,'07:25:25','\0','\0','2017-06-12 17:00:00',1,'2017-06-12 07:25:25'),(8,5,'0000008',NULL,1,'07:20:48','\0','\0','2017-06-13 17:00:00',1,'2017-06-13 07:20:48'),(9,4,'0987654321',NULL,1,'05:19:55','\0','\0','2017-07-20 05:00:00',1,'2017-07-19 05:19:55'),(10,4,'12121212121',NULL,1,'05:19:55','\0','\0','2017-07-20 05:00:00',1,'2017-07-19 05:19:55'),(11,4,'4545454545454',NULL,1,'05:19:55','\0','\0','2017-07-20 05:00:00',1,'2017-07-19 05:19:55'),(12,8,'0000009',NULL,1,'11:30:26','\0','\0','2017-09-10 17:00:00',1,'2017-09-10 11:30:26'),(13,8,'0000010',NULL,1,'11:30:27','\0','\0','2017-09-10 17:00:00',1,'2017-09-10 11:30:27'),(14,8,'0000011',NULL,1,'11:30:27','\0','\0','2017-09-10 17:00:00',1,'2017-09-10 11:30:27'),(15,8,'0000012',NULL,1,'11:30:27','\0','\0','2017-09-10 17:00:00',1,'2017-09-10 11:30:27'),(16,8,'0000013',NULL,1,'11:30:27','\0','\0','2017-09-10 17:00:00',1,'2017-09-10 11:30:27'),(17,8,'0000014',NULL,1,'11:30:27','\0','\0','2017-09-10 17:00:00',1,'2017-09-10 11:30:27'),(18,8,'0000015',NULL,1,'11:30:27','\0','\0','2017-09-10 17:00:00',1,'2017-09-10 11:30:27'),(19,8,'0000016',NULL,1,'11:30:27','\0','\0','2017-09-10 17:00:00',1,'2017-09-10 11:30:27'),(20,8,'0000017',NULL,1,'11:30:27','\0','\0','2017-09-10 17:00:00',1,'2017-09-10 11:30:27'),(21,8,'0000018',NULL,1,'11:30:27','\0','\0','2017-09-10 17:00:00',1,'2017-09-10 11:30:27'),(22,9,'9999999',NULL,1,'12:44:36','\0','\0','2017-09-24 05:00:00',1,'2017-09-23 12:44:36'),(23,9,'8888888',NULL,1,'12:44:36','\0','\0','2017-09-24 05:00:00',1,'2017-09-23 12:44:36'),(24,9,'7777777',NULL,1,'12:44:37','\0','\0','2017-09-24 05:00:00',1,'2017-09-23 12:44:37'),(25,10,'9000000',NULL,1,'12:48:48','\0','\0','2017-09-24 05:00:00',1,'2017-09-23 12:48:48'),(26,10,'8000000',NULL,1,'12:48:48','\0','\0','2017-09-24 05:00:00',1,'2017-09-23 12:48:48'),(27,10,'7000000',NULL,1,'12:48:48','\0','\0','2017-09-24 05:00:00',1,'2017-09-23 12:48:48'),(28,10,'90000007',NULL,1,'12:48:48','\0','\0','2017-09-24 05:00:00',1,'2017-09-23 12:48:48'),(29,10,'9000007',NULL,1,'12:48:48','\0','\0','2017-09-24 05:00:00',1,'2017-09-23 12:48:48'),(30,11,'7000001',NULL,1,'12:50:59','\0','\0','2017-09-23 17:00:00',1,'2017-09-23 12:50:59'),(31,11,'7000002',NULL,1,'12:50:59','\0','\0','2017-09-23 17:00:00',1,'2017-09-23 12:50:59'),(32,11,'7000003',NULL,1,'12:50:59','\0','\0','2017-09-23 17:00:00',1,'2017-09-23 12:50:59'),(33,11,'7000004',NULL,1,'12:50:59','\0','\0','2017-09-23 17:00:00',1,'2017-09-23 12:50:59'),(34,11,'7000005',NULL,1,'12:50:59','\0','\0','2017-09-23 17:00:00',1,'2017-09-23 12:50:59'),(35,11,'7000006',NULL,1,'12:50:59','\0','\0','2017-09-23 17:00:00',1,'2017-09-23 12:50:59'),(36,11,'7000007',NULL,1,'12:50:59','\0','\0','2017-09-23 17:00:00',1,'2017-09-23 12:50:59'),(37,11,'7000008',NULL,1,'12:51:00','\0','\0','2017-09-23 17:00:00',1,'2017-09-23 12:51:00'),(38,11,'7000009',NULL,1,'12:51:00','\0','\0','2017-09-23 17:00:00',1,'2017-09-23 12:51:00'),(39,11,'7000010',NULL,1,'12:51:00','\0','\0','2017-09-23 17:00:00',1,'2017-09-23 12:51:00'),(40,11,'7000011',NULL,1,'12:51:00','\0','\0','2017-09-23 17:00:00',1,'2017-09-23 12:51:00'),(41,11,'7000012',NULL,1,'12:51:00','\0','\0','2017-09-23 17:00:00',1,'2017-09-23 12:51:00'),(42,11,'7000013',NULL,1,'12:51:23','\0','\0','2017-09-23 17:00:00',1,'2017-09-23 12:51:23');

/*Table structure for table `ca_booking_items` */

DROP TABLE IF EXISTS `ca_booking_items`;

CREATE TABLE `ca_booking_items` (
  `id` bigint(20) NOT NULL AUTO_INCREMENT,
  `bkid` bigint(20) NOT NULL DEFAULT '0',
  `itemtype` int(11) NOT NULL DEFAULT '0',
  `itemid` bigint(20) NOT NULL DEFAULT '0',
  `itemdesc` varchar(150) NOT NULL DEFAULT 'Item-0',
  `itemqty` int(11) NOT NULL DEFAULT '1',
  `itemamt` decimal(10,2) NOT NULL DEFAULT '0.00',
  `ispaid` bit(1) NOT NULL DEFAULT b'0',
  `isprinted` bit(1) NOT NULL DEFAULT b'0',
  `createdbyid` bigint(20) NOT NULL DEFAULT '0',
  `datecreated` datetime NOT NULL DEFAULT CURRENT_TIMESTAMP,
  `modifiedbyid` bigint(20) NOT NULL DEFAULT '0',
  `datemodified` datetime NOT NULL DEFAULT CURRENT_TIMESTAMP,
  PRIMARY KEY (`id`)
) ENGINE=InnoDB AUTO_INCREMENT=49 DEFAULT CHARSET=latin1;

/*Data for the table `ca_booking_items` */

insert  into `ca_booking_items`(`id`,`bkid`,`itemtype`,`itemid`,`itemdesc`,`itemqty`,`itemamt`,`ispaid`,`isprinted`,`createdbyid`,`datecreated`,`modifiedbyid`,`datemodified`) values (1,1,1,0,'Umbrella 01',1,'500.00','','\0',1,'2017-05-28 12:44:06',0,'2017-05-28 12:44:06'),(2,1,2,0,'Entrance Fee (Adult)',11,'2200.00','','\0',1,'2017-05-28 12:44:06',0,'2017-05-28 12:44:06'),(3,2,1,0,'Umbrella 02',1,'500.00','','\0',1,'2017-05-28 12:51:40',0,'2017-05-28 12:51:40'),(4,2,2,0,'Entrance Fee (Adult)',8,'1600.00','','\0',1,'2017-05-28 12:51:40',0,'2017-05-28 12:51:40'),(5,2,2,0,'Entrance Fee (Adult)',3,'600.00','','\0',1,'2017-05-28 12:56:46',0,'2017-05-28 12:56:46'),(6,2,1,0,'Transfer Accommodation : Umbrella 02 to Gazebo 1 Balance to pay : 1,000.00',1,'1000.00','','\0',1,'2017-05-28 12:57:54',0,'2017-05-28 12:57:54'),(7,3,1,0,'Umbrella 02',1,'500.00','','\0',1,'2017-05-31 16:29:02',0,'2017-05-31 16:29:02'),(8,3,2,0,'Entrance Fee (Adult)',1,'200.00','','\0',1,'2017-05-31 16:29:02',0,'2017-05-31 16:29:02'),(9,3,2,0,'Entrance Fee (Adult)',1,'200.00','','\0',1,'2017-06-02 06:45:00',0,'2017-06-02 06:45:00'),(10,4,1,0,'Umbrella 03',1,'500.00','','\0',1,'2017-06-11 18:01:58',0,'2017-06-11 18:01:58'),(11,4,2,0,'Entrance Fee (Adult)',1,'250.00','','\0',1,'2017-06-11 18:01:58',0,'2017-06-11 18:01:58'),(12,4,2,0,'Entrance Fee (Adult)',1,'250.00','','\0',1,'2017-06-11 18:07:54',0,'2017-06-11 18:07:54'),(13,5,1,0,'Umbrella 01',1,'500.00','','\0',1,'2017-06-12 06:59:41',0,'2017-06-12 06:59:41'),(14,5,2,0,'Entrance Fee (Adult)',1,'200.00','','\0',1,'2017-06-12 06:59:41',0,'2017-06-12 06:59:41'),(15,5,2,0,'Entrance Fee (Adult)',1,'200.00','','\0',1,'2017-06-12 07:10:39',0,'2017-06-12 07:10:39'),(16,5,2,0,'Entrance Fee (Senior Citizen / PWD)',1,'100.00','','\0',1,'2017-06-12 07:10:39',0,'2017-06-12 07:10:39'),(17,5,2,0,'Entrance Fee (Senior Citizen / PWD)',1,'100.00','','\0',1,'2017-06-13 07:19:49',0,'2017-06-13 07:19:49'),(18,4,2,0,'Entrance Fee (Adult)',1,'200.00','','\0',1,'2017-07-19 05:19:02',0,'2017-07-19 05:19:02'),(19,4,2,0,'Entrance Fee (Senior Citizen / PWD)',2,'200.00','','\0',1,'2017-07-19 05:19:02',0,'2017-07-19 05:19:02'),(20,6,1,0,'Umbrella 04',1,'500.00','','\0',1,'2017-09-06 20:02:13',0,'2017-09-06 20:02:13'),(21,6,2,0,'Entrance Fee (Adult)',2,'500.00','','\0',1,'2017-09-06 20:02:13',0,'2017-09-06 20:02:13'),(22,7,1,0,'Umbrella 02',1,'500.00','','\0',1,'2017-09-07 02:22:05',0,'2017-09-07 02:22:05'),(23,7,2,0,'Entrance Fee (Adult)',2,'500.00','','\0',1,'2017-09-07 02:22:05',0,'2017-09-07 02:22:05'),(24,4,1,0,'Transfer Accommodation : Umbrella 03 to Gazebo 2 Balance to pay : 1,000.00',1,'1000.00','','\0',1,'2017-09-09 15:29:35',0,'2017-09-09 15:29:35'),(28,4,1,0,'Transfer Accommodation : Gazebo 1 to Gazebo 2 Balance to pay : 0.00',1,'0.00','','\0',1,'2017-09-09 15:38:48',0,'2017-09-09 15:38:48'),(29,8,1,0,'Umbrella 02',1,'500.00','','\0',1,'2017-09-10 11:27:36',0,'2017-09-10 11:27:36'),(30,8,2,0,'Entrance Fee (Adult)',3,'600.00','','\0',1,'2017-09-10 11:27:36',0,'2017-09-10 11:27:36'),(31,8,2,0,'Entrance Fee (Senior Citizen / PWD)',2,'200.00','','\0',1,'2017-09-10 11:27:36',0,'2017-09-10 11:27:36'),(32,8,2,0,'Entrance Fee (Children below 4ft)',1,'100.00','','\0',1,'2017-09-10 11:27:36',0,'2017-09-10 11:27:36'),(33,8,1,0,'Transfer Accommodation : Umbrella 02 to Umbrella 14 Balance to pay : 0.00',1,'0.00','','\0',1,'2017-09-10 11:28:35',0,'2017-09-10 11:28:35'),(34,8,2,0,'Entrance Fee (Adult)',4,'800.00','','\0',1,'2017-09-10 11:29:20',0,'2017-09-10 11:29:20'),(35,8,1,0,'Transfer Accommodation : Umbrella 14 to Umbrella 06 Balance to pay : 0.00',1,'0.00','','\0',1,'2017-09-11 18:33:07',0,'2017-09-11 18:33:07'),(36,8,1,0,'Transfer Accommodation : Umbrella 06 to Umbrella 10 Balance to pay : 0.00',1,'0.00','','\0',1,'2017-09-11 18:33:58',0,'2017-09-11 18:33:58'),(37,8,1,0,'Transfer Accommodation : Umbrella 10 to Umbrella 12 Balance to pay : 0.00',1,'0.00','','\0',1,'2017-09-11 18:35:17',0,'2017-09-11 18:35:17'),(38,8,1,0,'Transfer Accommodation : Umbrella 12 to Umbrella 02 Balance to pay : 0.00',1,'0.00','','\0',1,'2017-09-11 18:36:14',0,'2017-09-11 18:36:14'),(39,8,1,0,'Transfer Accommodation : Umbrella 02 to Gazebo 1 Balance to pay : 1,000.00',1,'1000.00','','\0',1,'2017-09-11 18:38:28',0,'2017-09-11 18:38:28'),(40,8,3,9,'Videoke unit + Song book',1,'1200.00','','\0',1,'2017-09-11 18:40:50',0,'2017-09-11 18:40:50'),(41,9,1,0,'Umbrella 02',1,'500.00','','\0',1,'2017-09-11 21:16:48',0,'2017-09-11 21:16:48'),(42,9,2,0,'Entrance Fee (Adult)',3,'750.00','','\0',1,'2017-09-11 21:16:48',0,'2017-09-11 21:16:48'),(43,10,1,0,'Umbrella 03',1,'500.00','','\0',1,'2017-09-11 23:06:22',0,'2017-09-11 23:06:22'),(44,10,2,0,'Entrance Fee (Adult)',5,'1250.00','','\0',1,'2017-09-11 23:06:22',0,'2017-09-11 23:06:22'),(45,11,1,0,'Gazebo 3',1,'1000.00','','\0',1,'2017-09-12 10:17:05',0,'2017-09-12 10:17:05'),(46,11,2,0,'Entrance Fee (Adult)',5,'1000.00','','\0',1,'2017-09-12 10:17:05',0,'2017-09-12 10:17:05'),(47,11,2,0,'Entrance Fee (Senior Citizen / PWD)',3,'300.00','','\0',1,'2017-09-12 10:17:05',0,'2017-09-12 10:17:05'),(48,11,2,0,'Entrance Fee (Children below 4ft)',5,'500.00','','\0',1,'2017-09-12 10:17:05',0,'2017-09-12 10:17:05');

/*Table structure for table `ca_booking_transfers` */

DROP TABLE IF EXISTS `ca_booking_transfers`;

CREATE TABLE `ca_booking_transfers` (
  `id` bigint(20) NOT NULL AUTO_INCREMENT,
  `bid` bigint(20) NOT NULL DEFAULT '0',
  `frmtypeid` bigint(20) NOT NULL DEFAULT '0',
  `frmid` bigint(20) NOT NULL DEFAULT '0',
  `frmrate` double(10,2) NOT NULL DEFAULT '0.00',
  `newrmtypeid` bigint(20) NOT NULL DEFAULT '0',
  `newrmid` bigint(20) NOT NULL DEFAULT '0',
  `rmrate` double(10,2) NOT NULL DEFAULT '0.00',
  `remarks` text,
  `createdbyid` bigint(20) NOT NULL DEFAULT '0',
  `datecreated` datetime NOT NULL DEFAULT CURRENT_TIMESTAMP,
  PRIMARY KEY (`id`,`bid`)
) ENGINE=InnoDB AUTO_INCREMENT=13 DEFAULT CHARSET=latin1;

/*Data for the table `ca_booking_transfers` */

insert  into `ca_booking_transfers`(`id`,`bid`,`frmtypeid`,`frmid`,`frmrate`,`newrmtypeid`,`newrmid`,`rmrate`,`remarks`,`createdbyid`,`datecreated`) values (1,2,1,2,500.00,2,15,1500.00,'Expecting additional guest which current accommodation cannot cater anymore.',1,'2017-05-28 12:57:53'),(2,4,1,3,500.00,2,16,1500.00,'masikip',1,'2017-09-09 15:29:35'),(3,4,2,16,1500.00,2,15,1500.00,'changed',1,'2017-09-09 15:30:06'),(4,4,2,15,1500.00,2,16,1500.00,'masikip',1,'2017-09-09 15:32:35'),(5,4,2,16,1500.00,2,15,1500.00,'masikip',1,'2017-09-09 15:34:15'),(6,4,2,15,1500.00,2,16,1500.00,'masikip',1,'2017-09-09 15:38:48'),(7,8,1,2,500.00,1,14,500.00,'malapit sa pool',1,'2017-09-10 11:28:35'),(11,8,1,12,500.00,1,2,500.00,'Balik nalang ulit',1,'2017-09-11 18:36:14'),(12,8,1,2,500.00,2,15,1500.00,'Additional guests are coming.',1,'2017-09-11 18:38:28');

/*Table structure for table `ca_company_profile` */

DROP TABLE IF EXISTS `ca_company_profile`;

CREATE TABLE `ca_company_profile` (
  `id` bigint(20) NOT NULL AUTO_INCREMENT,
  `coname` varchar(100) DEFAULT NULL,
  `coaddr` varchar(200) DEFAULT NULL,
  `conumb` varchar(100) DEFAULT NULL,
  `cotin` varchar(20) DEFAULT NULL,
  `coprops` text,
  `cologo` blob,
  PRIMARY KEY (`id`)
) ENGINE=InnoDB AUTO_INCREMENT=2 DEFAULT CHARSET=latin1;

/*Data for the table `ca_company_profile` */

insert  into `ca_company_profile`(`id`,`coname`,`coaddr`,`conumb`,`cotin`,`coprops`,`cologo`) values (1,'Costa Abril Resort','#49 Dau Street, Barangay San Jose; 1860 Montalban, Rizal','1234567890','0987654321','Mr.Daryl Villa-Abrille','PNG\r\n\Z\n\0\0\0\rIHDR\0\0\0\0\0\0\0h\0\0\0sRGB\0\0\0\0gAMA\0\0a\0\0\0	pHYs\0\0\0\0od\0\0IDATx^U>~41\ZT(l$jbbɧXE\nJS@zU{ｗei~ܻ,Bݝ{Ι3坷;sJ\0H\nďܽ}+I!,<c^ȟٳ|B8!Pɉa%cBǃ\"6CAa>!Nč@y駩㏍G0EB%~_fd]|9#ez\"s3;)HDB\nTh|!?>Ŷj\";9>oeqǇ\0AH86%|nSFְ)#Z햿;h5\rH3k~?DI bk6Fڪ͔}N\0?f۱cdJI\n;ip:nAoE(/i1\rc\Z4c\"\r[EZ-Ov&j\\]OǈM#gH\"gcJӀ4L3\"Ĉ0s<;`s\"\'Ǉ~@so[ߊ|V6W/?Mo.Y8>Zhq@&ٹ.XɚзSZDʂͶ(zxri\0|fZ5k4L4XplJB42ّ]GӘ<G\Z.I_|F\\៰uB{0y\Z(X#7nMQضa\r|1(\n*tӏݻ0g?a,][-ϟ?3\0h ygiHF9El!J=꾝BU?<rAN?^>1+Hr|L߹Sq\nR:YE\"T9C:[@@j|Z =	ѷp^se?#xesBՑpltPY9rw\ZEa݌<⅄k2.)8NtXS	@`n2Hx>2 	?V+ruAZ),Xk9kc^b+v/#1	aOA>htLx3GJ)_\"܌4~I:FvlNH#ӛf4KA&#W\'4??W*(D=O=DRCp@6	(ʲ4vcM8H珅e,_6a0NC=Q_MK^}|hE ֡;%*5[?ב]3ky؛iۢ\nw~h\nG1) 6L&1\ZS3Ŗ,^tkv/!P/φtcl&\n]J0tR{d5w\ZxKPdÔ=8 ui\"m>lY$c:s\"D3U;pRDAr.UaIӭ77nمp25Gg!p&#PA?^M^uOMGE3Q\"`V`J~\\A˯:v,gC\"&f]\"k,#O8H0pf,NSU$MGXW$܏\'NNjޱ\Z-f[2\0\\n:u6*;Oé;>q\r[whKm{1Sc)D?\r_D?=`糵\'aK|^EOjr\"/xǂEᗳ|OdBx5 ݩpb<c\\++!:oEf9r̸xl)?Чٗ\"pٵA؋<$ݪjI~Α3_g=7/%Aǔ\\BFߕOuxpҒ6i#\nE@sA:ҝ	{zQGVNEDz1i q4yc@6^H\ZyB8I\"KT#U0+g\"H3ǎƓ8$\Zz\nM΋(ldg0C52I[:ru|89up\"\Z.{k\ZطyeMo)f>X@Z$BAM﷊PTWN\rz\r\"WǇ4zJt\Z}Eƀј[xiIHW\\A e\\=!435Ė\'YٛMeN$k:?\'MdLT!fZ\\w+/e0ժ/T	}Z2ggiEyhtCy=$Q|&TRW>#PLR/?EAn06fNR\ZEVnw\"var7WnځvaR׮!\rx4KP#h61:bޔ&ddy|,pr6A9i혹h)2m[+\"GF\nrsZ\nK:.!ojԞ+%56Y OjvBuk5\Z$$`Ƨ8\r-9g+j@[\ZA08J#h\'4HPavYFu8sL\'?QP?\'In~:(5b+r*F\\[p\n2AO4G\"^G$@^\\1t M\nZ?FlXO0&ز|2mi ҴD[AB~66^1_FZ!/j,9gfMeM؟D\"#?b<AP+8g,(%R\"8w1n6 #GЯi>-:ݮ:13gBpdCl;#no;PN7x$Θ_Nd%M֐rF)x5_~לMI:!i`W{jlo֞?t!(6\"bOh4^2︲	!yl>(ybL!D2 ZAO+IF,7v2Mi;1]M;}S\ZTSǆ-9,jyLA)Tgrp\'	;)C*Sr\n G\\f@#XG,y4\r8AM/1M_!UhBh\'CcX!\0bz8T>E|I`#Z|/~}V<_Ѳk1Q@B{n|xI7ٴ#Vy+\n9^pڣNOHI/ׄ[D!\"1Mo<I)ؾCHhп8|)iHa$UW2ZS0L}!\ZP\'\'GU`Gvj߼?םByܽ8Uj+>nT#X;\Z^I;.oj\nr4c\'H[#΁gGΌ\r*PN;Ôr7;	$^jYHy \ZJ3P\'	\'EMmD֣w2\ZHz&V\Z@@//A}: <7 8HeKBq@It/蛬	ईc(hoVc(bQ@Y$˩2h-6lGɩ)M8U0dͮ<Q`H:VN5ґ(\\YG1D]v|zv$FG$Z OTזd$pRDnnl܏TL(ӤE<P3l{e]j%]w)q|#ruyCh\"/J:q9\'E#/8޺MnyQƛÞK.3Jb2~\n2k-kzZ0\'	\ZϞ9՜\"BƭD^kj_Y`zߞV<YiT0sW:ߍ^ŝg^$9)\"׮2~6oDqom7x0Ul|yYy64YL0&`;%{wybcџ8\'m:RgM?$H\\Y	Wf:FwZo{i&:\'V|Ȉjs?bAܹeCIaY4Ѱ3KQ\\\'1X\0#\\VW=^NA!nEJ3SB\\NE7ǧDy$lQ=ҷ\04SFˣF2nU եڬRH;Fa6RA-R*KڅU\'	Q?U1)Ja[\rM0\'h]h00Adv4Z#>Vgܝ7c5w#%Or]-h~-ؾt	3; V\\ďP\'ईgwk&O@2uoofZ@7͑oO\ZL\n}	IժUvO9צFMi|gN3SW^LU4x8]N?z(+b*>>C>2IEbOq4-(]7;		w7jz8I\"hHK}Oz⾷(){ic糧(	8\r~n-+=+}:d\ZhjْGF\Za4s:16gbM~\ZN2ӓ((-O</ ,>SL5q+.4LIOBOmNuZG\'xJE\Z jON*P2?\\3h\'O!u_ʱyq#Ɨ\n;*E8=Vp$BUiE.P\r-H4w1`~^Z4R81\0=H+ԔԺ?u$B)e7d4R?xC^*	}ʡW(2h1yna1/U3h3@mjE΁w@oH=:\Zc%FI:qó:]{93c륬G\" bFr(0#Q#wFRdq\'T6JƩ|D\Z|vm3ar<.a/:>\Z;*:@Ѓ5}1\Zb!	aJڡ}hBe^߈OB$!Y1Qs1Cl	\0{	,c\Z7ud	\0V+`ѰA`?/{\rƙh{q(\0uʎX\"߰;Q\"c5B6X:thIߟN?aV^%qYM`A9(\'U\Z,nvJ@(%B)\nB)\nB)P<JI\ZQusSJy`λEC2h9pKkB87B_g	_9rJOI0e<xRe↍Fcv\r\\qf$ \'ִ̫wUda~]nG[lh6mkNgꀭK>\rdQBa3oPAp8\'a?20@HG80o<ɩ܇tG(Wܓ)3Ha8Zc\0`j,Ə%SH8B\\j&ҧ̇/M-Հ<BU9ɨ\rZ]=󸱥s/lo\rZ$/#$YBvDĈ{LI<ujg|q\"hsЯ9`݁N\"LpdyCc^\nMo\nqL-}&m󙆳o:D|f!k6MgY7\Z(Q\0޷;mkNC7\"GQـs5@e{x=S/FHMd.-2>­sZC`wyRKv8Oά -mKπ;\0}\'x#ZYʹ\nG>Ab2<b	#1=яʍ<ax|2ސec6`zyGvzn4]Wfg쁄ß)o9T;b3*)A20=f7HY6*_ڐhV>\\[7GPӇCR<6B{c_<&\0ߌUޢyO~RO7܁]kV Q_ckwX4|&金cbF ·DZaF	:¶&cuB$B4 :h}QC\r,l?[C\rO2-+=뤵G2\nx=d:TFЎyP	X}ݽcG.j5#\Zwhk_QS-ovt\n{bDʢ}:w@bv9V	]$J;ZN\':?omLGAht>8av<vǫ\0\nr3a\"q]1?\0T4s,ǐb[~\\Y6VA7^z_dAjbeE+y0PNɾyc~@cjm&!UЙrx°\n!?+>c8;H4FRiL$>,s^#ж]hr5vny(NQkqn׷om~__K/?ese	6Wȍz#w?}%\"mSbXT|GϓZz<m$/=Fhj)۞l»eĴ3w.BU	6Ǽ09B~?66kI]zHl؊/h&&}kLcc)H/ЮxԹ:;W&	 MTil\rEAZ[d>tNj\noAi4-l>4Bp^Q\\ˮÛ?~4%@ ?h_T<<Y>AKa$<~_!~UᗨcSR}<-՝?$^2C#[Jxח`V:4q8;`ݤ\n|>#z>#.$EHq@BImNi;\'轌(/8;`L~ِF2>xd#A!x&x^/+d2^ss+MJAN^-s&Ch|e\'A8\r(FA#yN]ȁ\'Ut&QB\r;jwP}޾*꿙@/ot4Vs\'&bWH/ sM\Z,/7lAKqt_#*\rf$\Z\rMMXϢ=86\n\ne?;$|b(F!LqNG_N=ɀ~\r\"5e?{\rG粷3G@htWf^iC	W CAfMw##9Pn.T9G$fzϨ	\\?]j06?}U|>6ig\n˾V _.|bWmϦGnyb\ZR[a{YOxpQ^PcgǅHۊxlQ5-q酂R@:ξgkbhH	wb\')Bg!\r0Cr^FG[CG+:\"9VGi<WnC¾F&	7y\Zꗿp9ƗV7|>OAT!䤧صRׄ_u	TPFwVAN2nǰ\ZBNk>d]=)q6j\rY	?5SM`W/pc^ {*{1L0ra@ءLLad9 6}}ߩͲ=,NlCQl\0SүS\rӂbu~-DD-UOuXSphG,y~M3h\n>F ?g=6Gn|&pDR_rU#F7ސqiw{A(YhBgۈ&wgϿϾ<gˣ.K[ԛJHI%H&t0WEY&Eɮu:A5Pixn֋nj@KKӅb仐F *~j8?{<x{/%+ѝhn$NStNaYp\\w6^MZ*ؽ6i\r;?i-*l=cf!oL[C#xk|FM_[¿j#⇎GX<\nTޝ5mӨQ1UgAɘ7Dӣ]peSL~d[/JwtW^}֐ǌozm,;b2P;VkZΦ}^x>[|\'XQ!;ߨ~cϜ;W.ZFFaڃϢK:,*$..]I0ӂbDm۳b1Y\'5\\!w:/Jd_OF7{=>͈}QMP]y/}6(դsHжD\nR:=#f+3\rso;VO_\0g(U7绬(.]wlXZ\Z%7i6o@,5u\ZpTC|΢Ӄbt+\nhJi{nlidΙ\rhre|J}EBi4yo4D/7W\\/%.^ET&4\Z_s_!1-N9?vC^hC6ڟg-,FMX:v<?%0e#Y[4ݏ;fahȥ2ҥuK#h.*@޲\rZᙽ\'$Ǡ_qAuh[z<ըM6#NCSL/8\'um7qp&[KmVyC.r؏VuBjݦ}bh^/pUD^R3Akv5}b	úAA:U`8[#9v̪!,vi<C[xks}:GWk!T4I6E	*|~,G囵+&OZ 7}lɳ\'ֱ$I߁M[j:DC+:v@5\'!u(V(VAD@@7.~АqGdekxi{ɼ	eK<l`}qєɘ=jQO/\"7@F^)GAnn|l3뿇ǲI؆sFS؋&OƖ+>\nStVٿĚ3f|ޗƓD4Fzt\\qYÏk*8 &K$40#	|on&Hb{1EuXiV=Λ$%AތmqB}KdM@Aix*OÏ@Y<؊[hy:a>U%gcάE8&h(E1o4xnj,cI	C(*^9-?l8OJu+~\'%$;+pU5b#5wbb88w6y#3lLԴ\0WD0MeWamE1.TA%\nvG9҄m: #h)}qB7\"ĠSns\ra*vBHNOҡ?g_E|ݤ/Sɗp\ngAӠۺE-ҳ\nuQCzv2-=stDTDB7ە+bx󱗰ktK&ܕF1{(q ړ\nrX4F1¸ߖ12l:Ti\'!&v\'rsrH\\Ymby0m+t&[۶lB{7CYpB	(\'	#Z/.\0ͬ\'qkVcaρjM|ֻdP\rFuӆ?`ݬIغp._+qX;wM?ƨ=v^]xeT7#O^k>J.-ۋ[A*r*\nWD\\}]j({bΧd9tn<Bzkcyrx\"wF]\'1z~kJXTJTJTJTJTJTJTJTJ<\nt_dNDsy׎NʈNRꎓ1z/т퇱΂\n[A8Lw,2ZSȅ	oi)f=ɴfd&pV 9i#lf>탨a{gBMEGV~fr0_p^\nctybL8w^>㑶j%ΜfH=:!s{{~}ᣱx-or<\"H($ZbB,diX=4(xCZyz}Ņ7#cl1&LFx# OO8ґQe1d~Qc2gNê?Ǧf6r\"\nmC0P`%yhc;U)AOS ZpهYsKߖ]~m-7!tdD&K\r\'bZ-2)}Zo\\2êq\0{b|\'InFX1/A$s\'&E@*(}76_tĖƟ\r&ZE>ʛQBbR]f/PeitIN[$\"\riD	|@k&@j.v~і=8Aߝe9E+u?nCU4zoײ5AEKYs	r)Vη܁܍[0z\rQ̽nx*P*[u#VdoMK,ؒ(;*BG0tL31Or)c^R\n\Zn0Digٸ90RqjM6q1`eX✝kN ӨphO<u>N\ZÙYkYA;hOBꆍtH۵5J<KvAuZc*@Xר%_elw7l[gk0i.5]گH$Xj#y{飀g4D4j\n+h(&$=%sفs\"\ZXtsN[c\Z)B2-Jo]/cU+̥CZv9ɬ:p4@S5p8p5?4֋/^6rbՁ3N/V~Ȱߏu7i5tCX\"ͱ?zmק}t?ZѼj;Jc\r̨i^}~R5c\rDZUmϓed^׏b0\r>4om;i$ࣅtaL8g\0θE(ID	+d\0{@6\r)ifMh{Pz=`;xc~L&	betL>~K(+F	oQPP8(؇{^%7%!/FMӉ>_C ^g\0B c!~z;)Ai-a8azz/V0޴VP~>|c`Uß;\rev8lZMw H3r<R|\rZMָ\rvV͵\Z`h/b~ڰ1H^\">1?k K~AaH<{\'M&p/#I(]VgT}H޶\r0)DK\r߁|7_={ 7;ev&I7]ػv)p\'z)_Z*MǞBnAWA\"E6Gh%FSokbם0WRhHn\nC(O\ro?2v9+`5\">b:97$Gh_|PPnBYL۹ao#d\rͨG-_<n<%VW\";i=4	y-YυލL6&%c\\HܳǾ֮Q3+<6fxs\rq74ru_!;§t֥P`<aagؾDfTdzءGCK\"zb6Pn̡݉;x鋏C{i\n <#-o	lǕQK?\ZRkO\"X$\n¬O<Ӻsht*f\0 	f	DL!oe2\ZNׇ,\rH?t[hLqLM@>\"WhX.J8ޏ)|aL9Χ;3t?iv}0շ(&@\n,U9K]&b}hS.2BM{²!><z9o0\\E2F5aրnH]mBa+a7>[]kcCs\nt\rV-)>> 8O޴$S.¥K\nq(ZS3ƟT:a0Ͱ.:DS1xc~3)bC)`:$	M%ش^r𜂞TM:\'>!_Pl`=){poQ5i1f:\ZF\0x6}ٜDi~PGaNYD+w=GvMZm߉W܈=sdcwWhws{=WX.+ho\"88	{OA-OMΔxc\'Kk\n.3iEG%VNCtŌ!oYҬbh\nT|MYH1p_tuGA{-0օ7ʒzyܙiiqkK\\nn6&\nF	YjL[<q$/(Q\0~FA^3+z.\Z#p|(3zT_,dfӴ2ɾ1MG/ͼf&ɓs}Xskb:C];Qrd.R&O$TT	PJ逬4~u\n5ŁS	@XC@A\\y_ܶf\Z}8܏y`w{p/I?O&Q+iz1rsLkX>}U\"|׼#z4l`޸HPEX\rU2[DQb!\0=AzO]N=b,-($9-(6A|Ҳ{|5%coC]u~{1\ZrÍ/JQ1gt5hX\"^6Mc}Nj][]c̬GeW\'12\\rpg,)g)[5e!z*E	% bY	4aBӂ?=ڰF$iZP#\n+IݶjG1ݷ}*9zf!Xja/ᢺH\Z9%7-u{ ;TǓ.<g)F!KH=(h?3i[)]4Jڞ̓:k4(e!x\0yd=by\n*w/YLR_xx\'+1uiy\r%mgɹ^ګ/X=1-NO\\$R!b[Y?jB1rMcH@J\\( 0bP{/NpݖoT.w\'(v,jH[Q*)\n?}8\ZN̪&9@Dev]NO^x7n\'cZRy.xb/3tp;kf(wjH|QYBڱ+<ShE+;;-#ޠձoBۦ#>B#\Zu7(ASuOa$P8T}áw1@	B]e:,\'f{fP߬GK.%_WGGA䕜</&/ndY\0<$vǲwRTyxL^qAGsk<qѣ玨KQ:]T~1w do\0]!Z@(aLܗڷ;~,(}<\ZD>R|7j<Bn\ZQzfE{9$g~ꭷm4%>aOAEp~͗~uk[A	B愩8錸iD~2?P9A6JdD(}g{\0Mci Gzh5x8QkAW5E[pl~JhSi#<\'B\ZxħѺgģ&D	B#4POSyܩL(+Gr\"hphvhyinrjSNG\0$كPJ2	mRT0RV?oH0A`QA3;+Qk(\\%ScO581?g	&<\ZF>x.2ƕHuilY}=-yX|?0[7*$	}$ZAWoN!gF7=yA.C}>%=(\r6,17s}eV>\'Q5XD`ӹ<A*ޅm%<մ{Rn؋2?=]X\0S7reoTҲPZiڵS.gē	8]=[Tk0EV.KvPl5t4co,?pT3P8r7=fWirSؠe>?OtGAXTemUG-_[/;Ʈ᳣E_\\\\MA\'ȁ%q:4J\Z6䱄#d,_@8U\nDܰY]cH6XB?F)pEErCVvZhNM\'R*&~}lD\"+ntaWׁC2fRi</!>8L1%nz!An[fɂU6|]isPlm	o\"2[h\n\nD	,fq[Q(	#Qy)^+[[&Oс>4>/F\rWl?$Z﮿WVcx\ZaA`߾7I?bZԷ:˂w.xeӆb}.3[\n>%\'M[O=oLЂA BnJ	\nO%4&47e?)Ag΍\'\nJ:wIb1Ҹ	E%\"{ntzU4|E4{9|5?]Fg(;5\"\"GNFFc%#H1Rg-3ڽz&rv\r#blXd6gW%Ed[,rس3m:!@3S#S^X 0gA\n/rIh/@C)LP:ggGAyP,뷍@/}fF@$s6 9E1UyսhlӗAM\"o\r:U9գ^5L̰IcX[NEvkOܭ}(ҵ`z<sW\"d},#=%diXևtF)k^\Z_a_!D\r ߓu;3\"~ЄKq wxf-AΪٲuް	sW`IN:w(Hs:H{GSef-z~(Z/:4++^CȐ!6{\Z:>ZW~	_Uܸj	H7\rVrGoE_ujOk0|Elvlivs4Vt){bT	#iactxw+*`sobᓯ?ތ&nEK.Ch5P)hSLI	,v5\ZF䢳?KWmfx=&&~7,Lx1UNMsiV2j$;[l-&r.Ct,eq7J4BUп̥(\'C֣N%i(07a٬i.ad֙!4b> :Wa^0s[͞əֽӄb(A6GR\n_	߳kGB_hnAtۆWzs;EglYҖʉr؏Ӿ\r.jXJĲF_2Dk$9̶7?LDtLM@=<:y4&Nb\Z/WwҰ͆w6_\Z=	\'BHRF˯Zp[s09戤pK:6_ld	Msq\r%1JDv*s?㹷F+ t/w=\ZdQL7^ޮC\\aNO9H;g1&-E;e1BC,ٛwa÷\nȐS9$4WL^*`;Mj\0K|כ8\Z$(IA93ڜw Ydg>o8s*\'*^\n·emnB]r1I33R.1F?Oo6A%#l<Hë#\Z68_r9Z)/8!$Ca/F[S]N!3/ߟq?dv#u#R&LB]mb`\"ˠuZy\ZT^5%\"֏?^Vj̩Qb^-Ɲ&1G\r[[2^K3kǴ\nSǌE̸_l8m܅ƿ}$aLk\"GMXuMx\rqALas󘔩H$	3oP2ڔ+oу5Vuͳ\"8Ncw\rMţk@AáuV$86\0ե/jC3q5>>HX?b1eoPdQJ F\"4T/\'ǃ D]//3F#/[fdӨHqBA7m_n_,i7=^B0Oʡ7Gz=<>rbǎX?E jmpn66B&E&w$nIݺS7݇Nt`V0kn48 2ꃩPW gdԸA{*)z-ng\rDNNG;G~bF>o]cݓ	kMD-Zr!%V_+iQ	51sX{>Sg\0\"84HhI_?یÇѻig2iA1>?|c11J<:0vW\ZWp9.Yʗ^\r_~\03kZL\"f^(TL/\'1astyĨLg\Z6Y.MgY|\0ʍ5AH>ޏ<֯ZN\"EP*lx|AA&Ph(rȝ7؛Jhl%wc_lXrX>6Zx1\\Ep^{n:tE>\Z=\rj6keFvF1IopM1sw٥Waf;Xb?7݁>⸞G\n<޲WnR\Z^r>|ukQ	͋;/nm&FTMn݌ODX\'g@Z1~ʾ=s5JC58y1TZal+}X0nfa`uR&\Z&R}Q̵+4s:iiYk:~hi6tHpef`Xv~M:+࿶\\>s>M\0mh@\\R2+N}s(Oc;nBOH#?_Xdjv(;Nk5H,I0LG&P6H}\ZˣfTT4<PPS+(ȥ-$}gBurM@y(\0٨I_dE2-v~q`9~SzaHNFcTU,pA11(_C\r;upT]Di	Dg8K\'3m=qnq*CofGtHP6f2Gb5P-lJKcΠ {ytwcC1j6C1Hy\n\'F#49f`Kז(!NAL1#qG*\\G$>rS:\'j9\"?Oے?=j6ʧl*B8>@aظM[0n=䥧,j\"HL	GG}Mddecw}0w\"wYi=Z<^aah6@`QNݲ\nkÄl/,+R	rb¼w\Z\"+ &g[}\Z~6%R0aDesS$\0υ-jXPm\ZW.Vy;fG ;IS0dtyVvk$65J\rgUq?4^/pz&b,BnAa4<F˱PS(N\r&>CmkVbtЯ·9jF3D8>I$Ĥ̫0k6sHI\rgl2\\?`\\H>s&uAAV/͚ce_J\\CȰVxQįۈO1z`ס{9_ad֘OucڛQi郇bؑZ\r|C3B@[\0c=JEkNᰴ#\ndg`F|54bwT2^ZATԥBը3C\Z6E<=f\r>{mOY+E(q`U\\&\"?AIV}UkbzXzR!!!++7lߣuuW\0hiIefA۱#YsFX,뼋^kc|fdlߌd\n8 el/*2/#\'-HYa:d8j\0IIؽsVPj	~\n4l_(tUɄF\0QA^vDi	^2d53>m^/VC7k{0۷Saغd-_+bذ`VΘyFaܵ~߬>^bײ%6ܕR}It|Qp^\nm=7PT݊SH\"|<cL=\n|=bv^Xг?&ks/ə^UbikeLEGV=C % !d\'@(4ts<=rB(V}Ltt0U0#ԽX>\ZkAlgʑHZ=w\'@7U,N|G\"eX1P\nP\nP\nP\nP\nP\nP\nPjJJJ\rB)B)BA(R(B(5P\nPJ\n MТ%-tcg}lltpYVuVJ9k-޳k=I,ydYn|\rKXrCZ3W$h\rր9i\0#,W!J*[8+]tUN9tO=Ѣ5gZ	w޴vRpArYhzp2膂Fϣ#\nN>jɬi6-2/z=YR%\n>?\0*(\0\\@nc]yзQ<rNLKFL[T9<EX#j\nSh9^iL)\Z	lJzsIcoUmx#CT`_B3/Ik\"qbLS>x<GiH<#q\",]իioDv6߅쏃{!0w f/\nve-C֊H]8I3!~xa${D\\\r2v@r88p L%K߳Dril|la)])Py$_ePRFAi&^Rp![Izw[F(+ރqn܎E+6{!AH_Y6Z*u+A{\0\rE(o\rC.#rE̂e\":Q!\Zo/qEзw#qꯥǅ?|3؟]ȘqakЦbEB!39!NcsS͢ϾOXh.R8cPjN$Ғhе´J*	zCNf k>X1#~bd\\OAҵFԹΙ\'(K!QEHͅAit-.\"uECaNu_[0dISsmF\Zj#0+V?{h\"@lok>i~_Ԗ(^5s6\ntTt_IiBI:F)PjN$7 9RkT|?/-C߽	srO܅{Tz2%DΑ.K^:敇K㙈ﰺXLF nУI|nGe_cvTƳs1嘸@KH(5\'\03X_=v^dcً1sb(/Wէ~\na47<rEh@_Qo/5\"%]h*\"^QΛcs&1=1$d.8ԐWRXy/,WN)F/$@ek{khtوEoE03[D5\nvi|ħL+0\'\Z@:AɑA])0Dɥǒ?qCG`mOA[$-^rF =4PjN|쥒~=.Ef5G!H;B*yv$ՄNyr뤊sTF(u*QЍHP^kBp8SHKF꘱XR5ou\r+)2.h\'.Aш\"AcKyCC	xٻi#{N2؏R\r(\0Τ\Z\Z=mWL]FGP!G!}ٗ#^ʔШx_!oG}RWGFCHY#qQ؆df8dDaP2@А b\r\rC=_]0}2s߮@NpWvUhP\\pD\\AKRYgT`\\j5B8{ў@BxP1Qy	.JD1KӠY)7hA)-JIDBXR-p\r@d(X@gVl DBbo\"`Nzz\Z q:o	jP\0\"2md0\"\n^FBIHk\'8G95eVOQ<7L͝at\ZH^<7s-ҳ A2ET7. \rk	dóσ;qYY}>[ Jn	sK:$dtx;ɚɋ.,\'V`$w-G)etx<3sSF,[q(vTE]GWKqJU8l?u%h\Z/>\'P_QYVĚu˯Ꮛc\Zʋ~ gz=&Uy6_8)< l>tB&s}}%3+6 /&BC@LsغI&)ȝ;dBc߉gQ=<XPT(-\"W<&-StrRB#E(eFlq z/\Z.	Ӎq`Ѭ`yffIu|{䦊T,;zut=,ǀS7.H 3BSP=$]sI\n /_F>А[IL@ȳd=&$i}d\\s@jвiz+PAHX9+\rr)4o{tFP|C=FLG >yX$,\nv͗]SɈx	\\/Ĩ\ZTT}!`7lGU=Ycg g<d\\Kr/ZU(XY ^H8k~E}aBZ1qZ<s.t\ZJ*xզ\0N:9=\"w4cmn\ZE\' +ɓcs&(	f#AE[Pcsb\r\\/jqh&d:X#D#s(yD`\ZvU7܂[T3TfZm 0Cm8h~%|xhоPU4})^\"V^L,w=,Ro%>*ILpbR|hB.Ў}py|Û7ߌOߨ$\n^wBCr7%GˠQ\nOcY	1t64V4v4,[.OlFѫ荞I3-gN¸6Dn]6gR~!5Q?\ZSR~z,3	qcc[u|)	@<ɣa\Z%mց?:o\r\\HddǅN!F~faPz&7!Ptg%|Ey.Z\rKg͟\0^Ϣkڵiǣ)o\"3iA0ӶEy97|&~	Mw}ەw\ZP6Eߝ{xY43ؽ|Uă-@ihEGBbMū䵰^хc7&bo3\\vsEZx᭟ta7\\l㫿oM+EKHID4ޱB]kH8k[\\+7!\"4 FP4F(}ʾnvuW_&_ǁ{<&鎖m\\+˰VflY=|bH*bco;_5>4AA\\u0$M2r(!exI!s4AK￳8\rXN?&hMT+sNOGvhz0~2Vt펶W\\ƗV!c,_>3zDi*\r\n<l)b1FX 7DI6ig;Y|o\"3+I\\ttc\"\"*3V5{>[uz}::hO4Ttc\nr-6~f9ޢKx3`QvVb65? JobQaHK3Q:F<ċiAp^.{; A:>MEv.EcoѹX>a2&\"[MyC*B̼kH3O\r7\Z\'$*Ab+)Z.d\\1T\rpI{d8y)yM1TC{@^R\"8O\"}! nb81FgOT/O;DpcgDu+CM;CnA~bPrX\'.^Qe+bW^oFMGc|{7ROA`\Zfp,y ֋~=/X\Z|W;(98,^|vuظpVYR#H]H>37KI\"7\rB=PTV	¡%ɠ0RI5dSI2T0=m6\"qԾr3R,\n[ON+Drw`Go8ȱf=\ntHz!*ssxp%01/|⯽TRA\\fUe1\\E|[v,EZH\Z;c!6K>t`h\r{$4Bc0}pN.C&`P5طmCZEYCo!~*ʈh[DJ08 IsPr} ρ$ZR4+D29rKKJx/ľj]z)wp){)FWYSȞ8U?AGT$zL^w޽\'aHG3G.QTV.㭻參9UAjFBLy071,Sv~s4}yL4rZQmA9y;7#8|\nvhz}n\n-;P># ]g}\nԺv$\'8\"Q1SөǄKH5TMƎeУƛX3t8\0_1!B\'i<?P\"\rB+:E2	H\\ÅHʟ/TB޿=S:5sAy籐^y\ZJ0	)K\08^n|C^Mj(PRz۰\n%e~*\nH͗W-DN7퀾.++WOCh.d 4~2XO7(||BF篿kGbxV7joނ/>-f:&zK- \Z#dlKA#c\nz4>gI\'VDX-!V[sˆz% cZTl\'ySk\n2JulFaF.M;:G&YA=wi,ALϾXqt+ÛefR`OuG;&<}:]>\r?Qj&sH˓Bylh^q͆tnԼ~]\'hZUѯeH$cq^Ik,tZ\rkdaiȈHrao\0)]bյח]kf:-adǡCau  8ekXɁ漴E]>暧ULI\'ꨬ\"ӹgDj@Kt]	qȚ^Yj\'C<	UXn)[_ކ\r#o& K\Z)Su!m\rNw>T6q;_w\'~?\Z\"Ց\Z,TAƬZ\rP7bf>jF#ϧ!49O*`9ڕ	I6ÞQ_OqRm{᫫nF5cchn2czw܇tj	b&/1abr_0ľ-:`uKcG4tzBoH-*rZ_fjJ\"R]4s8i-T2Z=(O8%K,և풚31kMxRt#/\0\r}T>oF2Ƶ]u9_vƖ7?]\r~M1\'e1.!FuOMZ^]W߀</BR/ߩ\'~ިF2m<Pa4+o˘0#o|xöMxgS@I?J>;?|AfQ{t.Ta;vYbyL&h#xu\'\\A,~%ݜ#8:Ljǣ)uc`{-8msmrtyM:q\ZRT35Js% =MiF;ml\Z$	pT\0!@%O=p\0fAмh^*U~\r_Ĭ#9#*?;!\rK\'\rv/=yԒPKswx(&iKvFT/zŋ<:rL(d#nf۾mtn螣*bX0f+?\'̈0dXQ}־c˞\nMi®*DG0=7\rFDg*?XH鰵,aMw-!g~#iv*t9ĵD2H<z3i|TF\n4ժ\r6ɧ !zZgͦ .T^.|Ac_\ZsSe>Ǥ$X?MlUwV	;`VR!~\"l<h\r\ZଽkR CP[1rxOszf\" \nIr R_1zKOAX<=+r[	1&׺Z輤(˟}3LjjhQ*pFi?ށuiBU \rp8K!DI̅6nڋ\rZ\"~)\r,ج%O\ZGB% =ᛶð獏qkdI݆ýy7j͡mJȠAAVω݃Q;$VkM#ОOVƑ\r%o^BbuV=d$g$sR!	fe?{1m~̡F5fpq$=7MV^@r-},A)AR@ȖR/l-Ϥx>1ᏕT@eYB4#Qe)tpFl݁Fޝ?\nA8jcƬZzbb֭aG?ނF)-kb\n82/@&;j|7߉ޯ.D˧BkĄrCO\"yaBוySCi>x	/d]GщgX@R>w>o8&|QeE@hD`ߞ1oH\"$oH!@!9	&TȧTRXxKAGשM7牭LcfX+umv/w!qV复cct\'O}\ZM*ނm+YRN}1/]~lJJhvYuw<<jT@R^](k@BoL~)So\\s5L\\t102dcW_cx##3ըoVҒ+\']tU1\Z~Q	N42TJf!F\ZJkgLrsDQ\nӘs Xƪh<jbL;.Kn-o&tPz\n&TWފN=8\'I1{Vߋh}㟰c6VУ0OⅫ+ =Sd)Tԁ <c`?GB>S`-Nuq7݋\nVKk(?rh`Azz	]ީ̨p|</+!(x劥z5Dfv\\B3輅\r.	߳+ZL+XIN4Qҫ֡}-]@Mkwbo`_@n\\2sE!w\"Rz[/c#߃_\n*zvi_Hyz`+.E8^w,z%Uf:`xA±]oԸ\ncYB(a rbo1=[`co|ko·S^l&y!6chܸBë@g(̙?k2cOLyy7NWdy0JJrzDil%v->y\\u;HH=F3oc_͵#d7>]C0ǝRc=^$R4^\n9X+x[s\r{!}7o73\'B)IN%\nlF~R;=xV!o4Svg8XyV!:Zs3uþ1ۼ)F7ЪU8\\C3a#v-#;M M` (쉖́Mg2=y\n	*6G4ecف.5wu79jVY\r8AȚ<<-#73E֭ס71܎15$CTަS\n0+jUD~wCpwӞqM[һʯ|D݌-Oe-?h?AL7-5?zK6E$.n?&jk`׎{<#`V-OiqNJd\nأn&ٕH$lenW]ݎOo~u\ZbS0P_c\r0=!ʬ0*[Eg͘=߈+	\ZFͣ0ӧ=^e(<vϼ%<x\\}=R7KścB[ѡly,ՋEjVSݤ-*Lv+TozbRŇ9=T-4}^k.Ba!]*c\"\"6܍>ǐ>f9!/C`.^\r24r y즋PM</|Ec`i8f-wDAl*\nŕ79+A+*K.Ũ\\y?_q֠0g.G_A-^zvjثwo\'٥s*Bk8&k4xE)_q\"z+SKhtMXTyb6ܐ\'%fAH`si)dQi~D$~!ywJc?\njuZrT1]1IР	#dKFKbYg!yDJRD4rxŷ\nĠz1l}gA.3cړoᓇ+?Ϙ,ŖbXʠ1~.]owck+܊ƗQcks;qUhϰUӡl[+^&\nkX\'x&ѓx2j\Z^>a,Z2/Ĝ;E_Y\riMREn;vFG@vZj(46d9bOm\Z\Z&kQvVd57v+\n4MG6^~ｇbU\ZJA ]:;#:*&k.\'9sQݼ͘L}yq}4sJM_rK`YV\\~/<`Npp$\0wqh}xeq muPx(W;ׯz\rҰQAbscT;oˡgi1uCERn|h?h/jdD#ׁXd6oԷr|NgNoށ̵qf*C)\\Xm\rx=X0}:UqSIL >P\r%-Z~5xLGoAJϦG{~l6߂淘B~}[R@O~4_ΫU%]24]ڗ߈{~kקՓBQ/#V+[;o.Km!؜b2{\ZuczӶxWn;ir;Y.?o$%9^hB|5{?xhz/>1ƿᇛg/\'|[#expVF8zUA4 _tcDsX6jxr/JcZ\rIve}5ᜐ`\\4A9:<7Vy9a+\'_KIIƴ^琷o/J9P&3Ar +ۛaڄ4_)pS-`}\ZC<)%_pe:&	ֿJsɧNǠ;dw1ݪ+T`2UM\r!H+}N	Dlyy\Z):aYBzuZ@=kVR	9qMbY\nqX˃m)p峽JJAb!$8\'e]T-DhaUGfD [\"Œw&)\\A?oc8^>TzUj%S:/,\')́d\Z,#	@<۪+лF]LcZIxD\Z)`64\nyvZ* 8}j#雐XR^&@y,Ƕh7;4c +$^;$Q}I4֊0HwiSLhXSFCKE8.a	nZQ\0Nђ^Io=zON{>5QLH;؛\r\'`Ii4Py%!th/B,Ӧ1\"amStCJnH0h\rczKzI+ ,V>j>D6DR4!R!\Zm\r\'NF&USz1c@|J+s&Ɛ2s%o`)o q6!ޒ3ҩAJ(	|R\'χhlTkjbƦ5^dTx~Gb>F́hLxeb؝@2ףo[>:eHa\ZP{ݻ1uʠ_Y<Ez?3n5My@?>Eks6V\0S{nv6\\/XqZ烼T>mn#G	&\' 3s;_z;_9A6νd+\nFr[[yW>DNïi;)6Ty{nwZ ^ļ>z^{\'_|b-\"B4<\ZパEƃ%ѫ[ۭQmh#Ŝ(srgZ]Xy+$gᏞ;ċTYT%:*TQh:/ŶF˲0e[dbЭ+YpV=L*|AhBTfޚh-4V!Axp̮omrWZMobr70uO6=8n<hS\\yc+bL.Ȋ׭ĝ_W]lwk*bԩTTB#?]qFZN=d܌`FR.F__g,=$\rHJdwXcv箘;La8N`O!rCbX:y\"\'퍱{ahnHڻRFՈ\07݁ZJ$yt4\\S(CG(Md8\n\'`9?o+jfnE@ p\\qC[Δ7oI#F[\Za\Zi+6ngć^Ӝ]8,pv`D0<ԪO8R1n4АA߿ԣYC35A@nƎ.V<\n)}VLSh1o@CFλ/^ʔMi6Xת(mWT\"hYx[mT5,)Nx4UZ焠ϣ#dlhǊ!))oۭ%،(<Jc5O.z6	{Hhu`\"VǮj\rcr3j.f%%T)Jx3g.Q)X.4vbۋP2XRi~1aqַsGNDf[kFS\\\0H9\\(c4òs7a6=,}ȋ׋UE<\nW1EF`ߦT:Լfo,<=	@%\"f#t,{\r6mA4+Q<7a\rPK]ug$I{RX\"\"*6NK@jӯХ\\EUDb3L=;|s>co1y)6gG5@ )3*#+K^k6{̒@3U\'1{HBÚ?lnU.+:8`]\\v]kLv\"Z}xwp̣	K)v+8fxmX߯?y~&KeJmRJGeVj]<^셫NE!Do>u?zq!e{0>E\Zt<B{AրhXf4~\n<z#UA-t>wA$ WMㄠ|Uڐ`Τc	=l:\Z֏?i2&1\ZJ  gٗBƵXp֓^\n{\0+7 {OӛlZ.۶~\Z7܌AQꥼ!4uPWrmbKun+	07h-:@=j-ߣ+9D\")ΞO0B\'%%`}{ƴ=vOU/+AD\n˴\':f<v657jK\\| 	|W_-Zi;r2@ԺLHπ41eӏp\n\r=yr6Z&4׎O\'XH\r!1vo#&V^\n+ \'Mf1#\\B\\ޒgD%2N2N\'TZZZپsjFzj\ZVQN<kcU0iMmAG}&z?90\\>	}nPn܁}akd%|׫j퇍p0F.sP3zjr@>t痿\\[k\':av6UohZ5nha~Xw#}dlZ*,2ݹO>ˤ$$_^]{X*er\Zv\r> RZ7#i4RʋXSe& y{6|<9!e9*V𰽛6o;ó#f\Z۠jF^ <7GÊ?P\"=H)S\r4CC&9ޮ/7D11L3_i^u=&cq~\\kvabT\nrߐc+4&ɬfMޙϳnW&ND%iJ =d(hkaOjʧ-nIU%!fXtSwؼ|k+3R3hVIE0oV2#`#QֻaM9RAȨ)>/_>mxHTPbUqnEkn-b-LqgaY2ãyۢu<ȓn*&%7K0ȏ;򋬳(PB\rL Eu|Dw$58Z\"$:oYq5?Br7brϞ<1tj\nWzk*܁^WÆ!Z>MsɆJ#(:FVmԿr,5D*x_ΰET9aY.*׍~0GQː]ҐN#U\Zt[=4DNe8yΥsn}PKbY9<k3^3-\rz}vmH`܍:b͵bU1j$o\"եi	ߑ6mnM\'v2_m3ETƚ<YY,q˯qS2 Ɠżpރy?¾^K-}쁲9oYI5?onjA46x66?ގW܈AԄ7>դ\\&\\cw>Viv6N<v祏ujA@ޕʵyL/zz	KvwbY&x7e0ci}ep\\lz!_s7_u=2wUI,oo:[̣&wƨL7\\cTo/ǜBR,wr~Z)=>`/4ky	4`\"ׁF`J;0cɍ\\<w@4\ZJ\"RZA?	}Nh8|UfNV,o{TMFp(szyaҙO\'qs`lwkZ٨	3-XϼO\\aY]JF۷ \r%ֿ/OJ\ZC}G/kZV~\0{\rAQL1cf~	ӵ\'<!8 #޳W!w^S-\Z2SA|\nboh;Ch<P	:o&R9py md&*_r	ZUx\Z)Jj\'B?Awj~׆L#vbܝo+P!}E}\ZX1A`R=0]΍cM~-F?]	GsXw=X>o˽\"K8!Ɂ3^v=U#?{\Zn|+\nxSh.sm0F;)_oNӜB1!#aT߿/ q{.I/bI+6W/\"<_K.FߕAʡW\\{~KJ6ë</4i:en+S:w>|B\Z#faq+6\nſA]֗G+G˯W\\VŊS_Bx//B*r;M$l@\\4˯7#u/\0oˁiƟvy_B\"5Ld婇yέ9?:?_}`&q1/-arv<8o\r.B01J^ds谩Mzdna&9#ƈc:-Q`3^ f|;okSZo؈\0c-^^\Z*^5Ioc\'འFA>)z%]Cr?h袲#r:R=\nSytG+l_Il莍VhuS o_ǎ҈D&)q]ϾxL<ẢJE쿼=Q6ŜqcЯz=Z	:˒\'@%([ vJ,4kFA\'&>23 1PnKMf;zZ%ԔbE%*UmW\r̪97mt<Ѳv:7C\\281lۮGG\\kD*D)\r*EG񆒪uUӣMC]F+OD͋%v|(U æ2	c9yT%-$_<\Zm`Rudm䬗uیVTly<)yj\"+/3S$$pauo1سxr#<	|	@^M\n:hitDD(rM$R\nԊp,\\Fm?\nVrD?\n\rnܨ6ZBFJäĬKO>s\"VZ\'Ge\rE!6rhY4\nu\'YiXd.Fu߼\Zƽ)aTW<Ѫ9Q8_5fIhH.75)i[7e&Z;vk62z1Yz}*K`őtc1SKB猉+^H}:DۮsA4.jO˩vAMlVzVyzǄT:ʘttp:U+P2O$DOOJ*\'ZvjYJADm\Z==mйJfF%F_z*5u6c3fmi&>C8)p˙:re\Z+RSGwx{w]MàԎ0T&Ѡx\'DdJ\n!dX$>jR2 6\Zsm-;ύ}pt=ަ)NZ[\ZNC(8YQ_HpWN@ <Tf=wVD;şJa8xp+\n<9\"H%\r\n<WT7K܃Ó1g\"A<ap30^EU60=\0=u>2nN.\r	9v4׺EUtڝGD\ra}&~YmA6:	[awƯP@|qBuzp#y۶bt~]xC1Cs).^XÊâcbT$]pAҪR1NZϯazoOy߇m0WunϞPgr,4YRP@\\rܟ˗bѡjUoN~.ϫY4	UL\"P|pa=/sc0ֈ;1;Ͳ K俲FT\r[aXgډA\nÅ&b?~3\"k{	C<^ꡈw\Zp}R]n\\x{x׏Tl\\F\rMzl5z!\"A]1Ῐ$@g\0	BRi\nǍ+b-꩗лX2avo]dR\"ӒzACb}+N# \ZP$#kwlf\0ұ{V,5zwEGǞwUcg֪䛗CBǄAFF3$ZFW(s\ZSݫU0&?t6XC{w\"-\'Y{F}aW,[mvEvi[dn\0!%\\\\$$Ħ\r0g8\0]^9!m*V+aWa*[]YaR8J\r	dzfm.?#B.	\ZLϧm9(f<e׌Ӽ5T]>l}bU^\r*8PTY.8\0/\"??))	سwFa\\o1Act{|\\U|Wl7w)믏؊ZMCvMV~,\'@)BA8)80&0PuA0mwu0Ò=1୺h\\tQ5ƴn=lhlX<[ž$f\'\" ?A.J`\"Sx`udEqJWW!?zc!Ck9217cEX9u\r;aHFWژU\'l3v#ÒiwUl0\nHʢ \\HR8\ZJ\rɠ4(rur!\n;{9h3мlŞJSǋO:gޣ+&cGbiXt_/v;\"+5	Y4\",ӓAm`=/<?\Zl\r>]y-OZH:`5ظj1ϝY`0ww5F5nߋoU\'XֻϞ. Ai;yW$zzх@z|ơ e0y.\"zKBHODo\nz5Nu<#.{mbf.0gZ!F֪AUkRϢٗjFM{6׬AEwC:oЯn}0ϻc;0:=_C<,ǟ_}#j,Ұ1~\rNm<C4:cmK\Zd\'nKHţ^DZEeAA8 3k2ED]qGcd8ւM1PaH\n\'3թ3\'Nhӹ@ǢBѼGis61袁ELB4D&\n8%-j?J\rل\"ҮN\"l}-r)04IJSM8\nL[8i1ŏϟ²-(>55KW%ե쏮#Is:yLsDX)4f#OKAA(R(B(5P\nPJ\n B)B!\ZR(R\0\Z:\0\0\0\0IENDB`');

/*Table structure for table `ca_guest_info` */

DROP TABLE IF EXISTS `ca_guest_info`;

CREATE TABLE `ca_guest_info` (
  `id` bigint(20) NOT NULL AUTO_INCREMENT,
  `salutation` int(11) NOT NULL DEFAULT '0',
  `lastname` varchar(50) NOT NULL,
  `firstname` varchar(50) NOT NULL,
  `middlename` varchar(50) DEFAULT NULL,
  `address` text,
  `email` varchar(100) DEFAULT NULL,
  `landline` varchar(25) DEFAULT NULL,
  `fax` varchar(25) DEFAULT NULL,
  `mobile` varchar(50) DEFAULT NULL,
  `datecreated` datetime NOT NULL DEFAULT CURRENT_TIMESTAMP,
  `createdbyid` bigint(20) NOT NULL DEFAULT '0',
  `datemodified` datetime NOT NULL DEFAULT CURRENT_TIMESTAMP,
  `modifiedbyid` bigint(20) NOT NULL DEFAULT '0',
  PRIMARY KEY (`id`)
) ENGINE=InnoDB AUTO_INCREMENT=8 DEFAULT CHARSET=latin1;

/*Data for the table `ca_guest_info` */

insert  into `ca_guest_info`(`id`,`salutation`,`lastname`,`firstname`,`middlename`,`address`,`email`,`landline`,`fax`,`mobile`,`datecreated`,`createdbyid`,`datemodified`,`modifiedbyid`) values (1,0,'Villa-Abrille','Daryll','A','Rodriguez Rizal','hvill@gmail.com','0000000',NULL,'00000000000','2017-05-22 19:35:40',1,'2017-05-22 19:35:40',0),(2,0,'Dela Cruz','Romel','S','Marikina City','','026248754',NULL,'09276010064','2017-05-28 04:47:31',1,'2017-05-28 04:47:31',0),(3,0,'Luna','Juan','D','Makati City','samples@samples.com','0000000',NULL,'0000000000','2017-09-06 20:02:13',1,'2017-09-06 20:02:13',0),(4,0,'Rizal','Jose','Protacio','Calamba, Laguna','sample@sample.com','0000000',NULL,'00000000000','2017-09-07 02:22:05',1,'2017-09-07 02:22:05',0),(5,0,'Luna','Juan','Daquila','xxx','jdl@sampleemail.com','0000000',NULL,'00000000000','2017-09-10 11:27:36',1,'2017-09-10 11:27:36',0),(6,1,'Arellano','Glaiza','Endriga','M.Cruz Street, Sta.Elena, Marikina','sample@sample.com','0000000',NULL,'00000000000','2017-09-11 21:16:48',1,'2017-09-11 21:16:48',0),(7,0,'Quezon','Manuel','Luis','Quezon City','mlq@philippines.gov','0000000',NULL,'00000000000','2017-09-12 10:17:05',1,'2017-09-12 10:17:05',0);

/*Table structure for table `ca_guest_rates` */

DROP TABLE IF EXISTS `ca_guest_rates`;

CREATE TABLE `ca_guest_rates` (
  `id` bigint(20) NOT NULL AUTO_INCREMENT,
  `gtype` varchar(25) NOT NULL DEFAULT 'xxx',
  `dayrate` double(10,2) NOT NULL DEFAULT '0.00',
  `dfrom` time DEFAULT NULL,
  `dto` time DEFAULT NULL,
  `nightrate` double(10,2) NOT NULL DEFAULT '0.00',
  `nfrom` time DEFAULT NULL,
  `nto` time DEFAULT NULL,
  `daynightrate` double(10,2) NOT NULL DEFAULT '0.00',
  `createdbyid` bigint(20) NOT NULL DEFAULT '0',
  `datecreated` datetime NOT NULL DEFAULT CURRENT_TIMESTAMP,
  `modifiedbyid` bigint(20) NOT NULL DEFAULT '0',
  `datemodified` datetime NOT NULL DEFAULT CURRENT_TIMESTAMP,
  PRIMARY KEY (`id`)
) ENGINE=InnoDB AUTO_INCREMENT=4 DEFAULT CHARSET=latin1;

/*Data for the table `ca_guest_rates` */

insert  into `ca_guest_rates`(`id`,`gtype`,`dayrate`,`dfrom`,`dto`,`nightrate`,`nfrom`,`nto`,`daynightrate`,`createdbyid`,`datecreated`,`modifiedbyid`,`datemodified`) values (1,'Adult',200.00,'05:00:01','17:00:00',250.00,'17:00:01','05:00:00',0.00,0,'2017-02-16 20:59:25',1,'2017-05-19 13:20:43'),(2,'Children 4ft and above',100.00,'05:00:01','17:00:00',100.00,'17:00:01','05:00:00',0.00,0,'2017-02-16 20:59:25',1,'2017-05-19 13:20:43'),(3,'Children below 4ft',100.00,'05:00:01','17:00:00',50.00,'17:00:01','05:00:00',0.00,0,'2017-02-16 20:59:25',1,'2017-05-19 13:20:44');

/*Table structure for table `ca_inv_audit` */

DROP TABLE IF EXISTS `ca_inv_audit`;

CREATE TABLE `ca_inv_audit` (
  `id` bigint(20) NOT NULL AUTO_INCREMENT,
  `itemid` bigint(20) NOT NULL DEFAULT '0',
  `begcount` bigint(20) NOT NULL DEFAULT '1',
  `endcount` bigint(20) NOT NULL DEFAULT '1',
  `createdbyid` bigint(20) NOT NULL DEFAULT '0',
  `datecreated` datetime NOT NULL DEFAULT CURRENT_TIMESTAMP,
  `modifiedbyid` bigint(20) NOT NULL DEFAULT '0',
  `datemodified` datetime NOT NULL DEFAULT CURRENT_TIMESTAMP,
  PRIMARY KEY (`id`,`itemid`)
) ENGINE=InnoDB DEFAULT CHARSET=latin1;

/*Data for the table `ca_inv_audit` */

/*Table structure for table `ca_invaudit` */

DROP TABLE IF EXISTS `ca_invaudit`;

CREATE TABLE `ca_invaudit` (
  `id` bigint(20) NOT NULL AUTO_INCREMENT,
  `itemid` bigint(20) NOT NULL DEFAULT '0',
  `qty` int(11) NOT NULL DEFAULT '1',
  `createdbyid` bigint(20) NOT NULL DEFAULT '0',
  `datecreated` datetime NOT NULL DEFAULT CURRENT_TIMESTAMP,
  PRIMARY KEY (`id`,`itemid`)
) ENGINE=InnoDB DEFAULT CHARSET=latin1;

/*Data for the table `ca_invaudit` */

/*Table structure for table `ca_invitems` */

DROP TABLE IF EXISTS `ca_invitems`;

CREATE TABLE `ca_invitems` (
  `id` bigint(20) NOT NULL AUTO_INCREMENT,
  `typeid` bigint(20) NOT NULL DEFAULT '0',
  `itemcode` varchar(25) NOT NULL DEFAULT 'xxx',
  `itemdesc` varchar(150) NOT NULL DEFAULT 'Not Specified',
  `price` double(10,2) NOT NULL DEFAULT '0.00',
  `withdeposit` bit(1) NOT NULL DEFAULT b'0',
  `depositamt` double(10,2) NOT NULL DEFAULT '0.00',
  `itemstat` bit(1) NOT NULL DEFAULT b'1',
  `createdbyid` bigint(20) NOT NULL DEFAULT '0',
  `datecreated` datetime NOT NULL DEFAULT CURRENT_TIMESTAMP,
  `modifiedbyid` bigint(20) NOT NULL DEFAULT '0',
  `modifieddate` datetime NOT NULL DEFAULT CURRENT_TIMESTAMP,
  PRIMARY KEY (`id`,`typeid`)
) ENGINE=InnoDB AUTO_INCREMENT=11 DEFAULT CHARSET=latin1;

/*Data for the table `ca_invitems` */

insert  into `ca_invitems`(`id`,`typeid`,`itemcode`,`itemdesc`,`price`,`withdeposit`,`depositamt`,`itemstat`,`createdbyid`,`datecreated`,`modifiedbyid`,`modifieddate`) values (1,1,'CO-01','Charcoal 500g pack',25.00,'\0',0.00,'',0,'2017-02-28 20:18:31',0,'2017-02-28 20:18:31'),(2,2,'NC-Towel 01','Bath Towel',0.00,'\0',0.00,'',0,'2017-02-28 20:18:31',1,'2017-05-06 23:48:37'),(3,1,'CO-03','Royal softdrinks 1.5L',55.00,'\0',0.00,'',0,'2017-02-28 20:18:31',0,'2017-02-28 20:18:31'),(4,1,'CO-04','Sprite softdrinks 1.5L',55.00,'\0',0.00,'',0,'2017-02-28 20:18:31',0,'2017-02-28 20:18:31'),(5,1,'CO-05','Piatos Sourcream 300g',45.00,'\0',0.00,'',0,'2017-02-28 20:18:31',0,'2017-02-28 20:18:31'),(6,1,'CO-06','Piatos Cheese 300g',45.00,'\0',0.00,'',0,'2017-02-28 20:18:31',0,'2017-02-28 20:18:31'),(7,2,'NC-01','Barbecue Grill small',500.00,'\0',0.00,'',0,'2017-02-28 20:18:31',0,'2017-02-28 20:18:31'),(8,2,'NC-02','Barbecue Grill large',550.00,'\0',0.00,'',0,'2017-02-28 20:18:31',0,'2017-02-28 20:18:31'),(9,2,'NC-03','Videoke unit + Song book',1200.00,'\0',0.00,'',0,'2017-02-28 20:18:31',0,'2017-02-28 20:18:31'),(10,2,'NC-Towel-02','Bath Towel',0.00,'\0',0.00,'\0',1,'2017-05-06 23:48:15',1,'2017-05-06 23:58:20');

/*Table structure for table `ca_invitems_in` */

DROP TABLE IF EXISTS `ca_invitems_in`;

CREATE TABLE `ca_invitems_in` (
  `id` bigint(20) NOT NULL AUTO_INCREMENT,
  `itype` int(11) NOT NULL DEFAULT '0',
  `itemid` bigint(20) NOT NULL DEFAULT '0',
  `qtyin` bigint(20) NOT NULL DEFAULT '0',
  `createdbyid` bigint(20) NOT NULL DEFAULT '0',
  `datecreated` datetime NOT NULL DEFAULT CURRENT_TIMESTAMP,
  `modifiedbyid` bigint(20) NOT NULL DEFAULT '0',
  `datemodified` datetime NOT NULL DEFAULT CURRENT_TIMESTAMP,
  PRIMARY KEY (`id`)
) ENGINE=InnoDB DEFAULT CHARSET=utf8;

/*Data for the table `ca_invitems_in` */

/*Table structure for table `ca_invitems_out` */

DROP TABLE IF EXISTS `ca_invitems_out`;

CREATE TABLE `ca_invitems_out` (
  `id` bigint(20) NOT NULL AUTO_INCREMENT,
  `bkid` bigint(20) NOT NULL DEFAULT '0',
  `itype` int(11) NOT NULL DEFAULT '0',
  `itemid` bigint(20) NOT NULL DEFAULT '0',
  `iqty` int(11) NOT NULL DEFAULT '1',
  `iprice` double(10,2) NOT NULL DEFAULT '0.00',
  `isubtotal` double(10,2) NOT NULL DEFAULT '0.00',
  `istatus` bit(1) NOT NULL DEFAULT b'1',
  `createdbyid` bigint(20) NOT NULL DEFAULT '0',
  `datecreated` datetime NOT NULL DEFAULT CURRENT_TIMESTAMP,
  `modifiedbyid` bigint(20) NOT NULL DEFAULT '0',
  `datemodfied` datetime NOT NULL DEFAULT CURRENT_TIMESTAMP,
  PRIMARY KEY (`id`,`bkid`,`itype`,`itemid`)
) ENGINE=InnoDB AUTO_INCREMENT=2 DEFAULT CHARSET=utf8;

/*Data for the table `ca_invitems_out` */

insert  into `ca_invitems_out`(`id`,`bkid`,`itype`,`itemid`,`iqty`,`iprice`,`isubtotal`,`istatus`,`createdbyid`,`datecreated`,`modifiedbyid`,`datemodfied`) values (1,8,2,9,1,1200.00,1200.00,'',1,'2017-09-11 18:40:50',0,'2017-09-11 18:40:50');

/*Table structure for table `ca_invtypes` */

DROP TABLE IF EXISTS `ca_invtypes`;

CREATE TABLE `ca_invtypes` (
  `id` bigint(20) NOT NULL AUTO_INCREMENT,
  `typedesc` varchar(100) DEFAULT NULL,
  `typestat` bit(1) NOT NULL DEFAULT b'1',
  `createdbyid` bigint(20) NOT NULL DEFAULT '0',
  `datecreated` datetime NOT NULL DEFAULT CURRENT_TIMESTAMP,
  `modifiedbyid` bigint(20) NOT NULL DEFAULT '0',
  `datemodified` datetime NOT NULL DEFAULT CURRENT_TIMESTAMP,
  PRIMARY KEY (`id`)
) ENGINE=InnoDB AUTO_INCREMENT=4 DEFAULT CHARSET=latin1;

/*Data for the table `ca_invtypes` */

insert  into `ca_invtypes`(`id`,`typedesc`,`typestat`,`createdbyid`,`datecreated`,`modifiedbyid`,`datemodified`) values (1,'Consumable','',0,'2017-02-28 20:11:02',0,'2017-02-28 20:11:02'),(2,'Non-Consumable','',0,'2017-02-28 20:11:02',0,'2017-02-28 20:11:02'),(3,'Bathroom Utilities ','\0',1,'2017-05-07 01:21:38',0,'2017-05-07 01:21:38');

/*Table structure for table `ca_itemsforrefund` */

DROP TABLE IF EXISTS `ca_itemsforrefund`;

CREATE TABLE `ca_itemsforrefund` (
  `id` bigint(20) NOT NULL AUTO_INCREMENT,
  `bkid` bigint(20) NOT NULL DEFAULT '0',
  `typeid` bigint(20) NOT NULL DEFAULT '0',
  `itemtypeid` bigint(20) NOT NULL DEFAULT '0',
  `itemname` varchar(200) DEFAULT NULL,
  `refundamt` decimal(10,2) DEFAULT NULL,
  `isrefunded` bit(1) NOT NULL DEFAULT b'0',
  `createdbyid` bigint(20) NOT NULL DEFAULT '0',
  `datecreated` datetime NOT NULL DEFAULT CURRENT_TIMESTAMP,
  `modifiedbyid` bigint(20) NOT NULL DEFAULT '0',
  `datemodifed` datetime DEFAULT NULL,
  PRIMARY KEY (`id`,`bkid`,`typeid`)
) ENGINE=InnoDB DEFAULT CHARSET=latin1;

/*Data for the table `ca_itemsforrefund` */

/*Table structure for table `ca_occular_requests` */

DROP TABLE IF EXISTS `ca_occular_requests`;

CREATE TABLE `ca_occular_requests` (
  `id` bigint(20) NOT NULL AUTO_INCREMENT,
  `occdate` datetime NOT NULL DEFAULT CURRENT_TIMESTAMP,
  `lastname` varchar(50) NOT NULL DEFAULT 'Doe',
  `firstname` varchar(50) NOT NULL DEFAULT 'John',
  `middlename` varchar(50) DEFAULT NULL,
  `address` text,
  `contactnos` varchar(100) NOT NULL DEFAULT '0000000',
  `email` varchar(100) NOT NULL DEFAULT 'N/A',
  `estguestcnt` int(11) NOT NULL DEFAULT '1',
  `visitflag` bit(1) NOT NULL DEFAULT b'0',
  `cancelflag` bit(1) NOT NULL DEFAULT b'0',
  `remarks` text,
  `createdbyid` bigint(20) NOT NULL DEFAULT '0',
  `datecreated` datetime NOT NULL DEFAULT CURRENT_TIMESTAMP,
  `modifiedbyid` bigint(20) NOT NULL DEFAULT '0',
  `datemodified` datetime NOT NULL DEFAULT CURRENT_TIMESTAMP,
  PRIMARY KEY (`id`)
) ENGINE=InnoDB AUTO_INCREMENT=4 DEFAULT CHARSET=latin1;

/*Data for the table `ca_occular_requests` */

insert  into `ca_occular_requests`(`id`,`occdate`,`lastname`,`firstname`,`middlename`,`address`,`contactnos`,`email`,`estguestcnt`,`visitflag`,`cancelflag`,`remarks`,`createdbyid`,`datecreated`,`modifiedbyid`,`datemodified`) values (1,'2017-03-31 09:00:00','Dela Cruz','Romel',NULL,'Marikina City','1234567890 / 1234567','',5,'','\0','This request have been completed and closed automatically.',1,'2017-03-26 22:47:12',1,'2017-03-26 22:58:55'),(2,'2017-03-26 23:00:00','Dela Rosa','Ronald',NULL,'Davao','123123123','isumbongmokaybato@pnp.ph',3,'\0','','This request has been cancelled.',1,'2017-03-26 23:01:42',1,'2017-03-26 23:04:42'),(3,'2017-03-31 10:00:00','Dela Cruz','Juana',NULL,'Quezon City','12345678980/122334','',2,'','\0','This request have been completed and closed automatically.',1,'2017-03-30 12:32:20',1,'2017-03-30 12:32:40');

/*Table structure for table `ca_pass_logs` */

DROP TABLE IF EXISTS `ca_pass_logs`;

CREATE TABLE `ca_pass_logs` (
  `id` bigint(20) NOT NULL AUTO_INCREMENT,
  `bkid` bigint(20) NOT NULL DEFAULT '0',
  `bcid` varchar(25) NOT NULL DEFAULT '0000000',
  `logtype` int(11) NOT NULL DEFAULT '0',
  `logdatetime` datetime NOT NULL DEFAULT CURRENT_TIMESTAMP,
  PRIMARY KEY (`id`)
) ENGINE=InnoDB AUTO_INCREMENT=68 DEFAULT CHARSET=utf8;

/*Data for the table `ca_pass_logs` */

insert  into `ca_pass_logs`(`id`,`bkid`,`bcid`,`logtype`,`logdatetime`) values (1,3,'0000001',0,'2017-06-08 20:15:26'),(2,3,'0000002',1,'2017-06-08 20:18:30'),(3,4,'0000004',0,'2017-06-11 18:13:44'),(4,4,'0000003',0,'2017-06-11 18:16:48'),(5,0,'0000001',0,'2017-09-11 09:52:15'),(6,0,'0000001',0,'2017-09-11 09:52:15'),(7,0,'0000001',0,'2017-09-11 09:52:16'),(8,0,'0000001',0,'2017-09-11 09:52:17'),(9,0,'0000001',0,'2017-09-11 09:52:18'),(10,0,'0000001',0,'2017-09-11 09:52:19'),(11,0,'0000001',0,'2017-09-11 09:52:20'),(12,0,'0000001',0,'2017-09-11 09:52:21'),(13,0,'0000001',0,'2017-09-11 09:52:22'),(14,0,'0000001',0,'2017-09-11 09:52:23'),(15,0,'0000001',0,'2017-09-11 09:52:24'),(16,0,'0000001',0,'2017-09-11 09:52:25'),(17,0,'0000001',0,'2017-09-11 10:00:35'),(18,0,'0000001',0,'2017-09-11 10:00:36'),(19,0,'0000001',0,'2017-09-11 10:00:37'),(20,0,'0000001',0,'2017-09-11 10:00:38'),(21,0,'0000001',0,'2017-09-11 10:00:39'),(22,0,'0000001',0,'2017-09-11 10:00:40'),(23,0,'0000001',0,'2017-09-11 10:00:41'),(24,0,'0000001',0,'2017-09-11 10:00:42'),(25,0,'0000001',0,'2017-09-11 10:00:43'),(26,0,'0000001',0,'2017-09-11 10:07:12'),(27,0,'0000001',0,'2017-09-11 10:07:12'),(28,0,'0000001',0,'2017-09-11 10:07:13'),(29,0,'0000001',0,'2017-09-11 10:07:14'),(30,0,'0000001',0,'2017-09-11 10:07:15'),(31,0,'0000001',0,'2017-09-11 10:07:16'),(32,0,'0000001',0,'2017-09-11 10:07:17'),(33,0,'0000001',0,'2017-09-11 10:07:18'),(34,0,'0000001',0,'2017-09-11 10:07:19'),(35,0,'0000001',0,'2017-09-11 10:07:20'),(36,0,'0000001',0,'2017-09-11 10:08:49'),(37,0,'0000001',0,'2017-09-11 10:08:50'),(38,0,'0000001',0,'2017-09-11 10:08:50'),(39,0,'0000001',0,'2017-09-11 10:08:52'),(40,0,'0000001',0,'2017-09-11 10:08:52'),(41,0,'0000001',0,'2017-09-11 10:08:54'),(42,0,'0000001',0,'2017-09-11 10:08:55'),(43,0,'0000001',0,'2017-09-11 10:08:56'),(44,0,'0000001',0,'2017-09-11 10:09:17'),(45,0,'0000001',0,'2017-09-11 10:09:30'),(46,0,'0000001',0,'2017-09-11 10:10:34'),(47,0,'0000001',0,'2017-09-11 10:13:51'),(48,0,'0000001',0,'2017-09-11 10:16:00'),(49,0,'0000001',0,'2017-09-11 10:17:35'),(50,0,'0000001',0,'2017-09-11 10:18:25'),(51,0,'0000001',0,'2017-09-11 10:52:13'),(52,0,'0000001',0,'2017-09-11 10:57:48'),(53,0,'0000001',1,'2017-09-11 11:00:18'),(54,0,'0000001',1,'2017-09-11 11:02:10'),(55,0,'0000001',1,'2017-09-11 11:03:59'),(56,0,'0000001',0,'2017-09-11 11:05:21'),(57,0,'0000001',0,'2017-09-11 12:39:29'),(58,0,'0000001',0,'2017-09-11 12:41:54'),(59,0,'0000001',0,'2017-09-11 12:44:46'),(60,0,'0000001',0,'2017-09-11 12:46:25'),(61,0,'0000001',0,'2017-09-11 12:49:33'),(62,0,'0000001',0,'2017-09-11 12:50:26'),(63,0,'0000001',0,'2017-09-11 12:54:26'),(64,0,'0000001',0,'2017-09-11 12:56:17'),(65,0,'0000001',0,'2017-09-11 13:00:44'),(66,0,'0000001',0,'2017-09-11 13:00:51'),(67,0,'0000001',0,'2017-09-11 18:12:42');

/*Table structure for table `ca_portsettings` */

DROP TABLE IF EXISTS `ca_portsettings`;

CREATE TABLE `ca_portsettings` (
  `id` bigint(20) NOT NULL AUTO_INCREMENT,
  `portid` bigint(20) NOT NULL DEFAULT '-1',
  `portname` varchar(50) NOT NULL DEFAULT '',
  `baudid` bigint(20) NOT NULL DEFAULT '0',
  `baudnm` varchar(10) NOT NULL DEFAULT '0',
  `databitid` bigint(20) NOT NULL DEFAULT '0',
  `databitnm` varchar(50) NOT NULL DEFAULT '',
  `stopbitid` bigint(20) NOT NULL DEFAULT '0',
  `stopbitnm` varchar(50) NOT NULL DEFAULT '',
  `parityid` bigint(20) NOT NULL DEFAULT '0',
  `paritynm` varchar(50) NOT NULL DEFAULT '',
  `handshakeid` bigint(20) NOT NULL DEFAULT '0',
  `handshakenm` varchar(50) NOT NULL DEFAULT '',
  `txdelay` bigint(20) NOT NULL DEFAULT '0',
  `txdelaynm` varchar(50) NOT NULL DEFAULT '',
  PRIMARY KEY (`id`)
) ENGINE=InnoDB AUTO_INCREMENT=2 DEFAULT CHARSET=latin1;

/*Data for the table `ca_portsettings` */

insert  into `ca_portsettings`(`id`,`portid`,`portname`,`baudid`,`baudnm`,`databitid`,`databitnm`,`stopbitid`,`stopbitnm`,`parityid`,`paritynm`,`handshakeid`,`handshakenm`,`txdelay`,`txdelaynm`) values (1,0,'COM1',6,'19200',1,'8 bits',0,'1',1,'Even',1,'XOnXOff',0,'1 second');

/*Table structure for table `ca_queue_served` */

DROP TABLE IF EXISTS `ca_queue_served`;

CREATE TABLE `ca_queue_served` (
  `id` bigint(20) NOT NULL AUTO_INCREMENT,
  `bid` bigint(20) NOT NULL DEFAULT '0',
  `guestid` bigint(20) NOT NULL DEFAULT '0',
  `message` text,
  `isserved` bit(1) NOT NULL DEFAULT b'0',
  `createdbyid` bigint(20) NOT NULL DEFAULT '0',
  `datecreated` datetime NOT NULL DEFAULT CURRENT_TIMESTAMP,
  `modifiedbyid` bigint(20) NOT NULL DEFAULT '0',
  `datemodified` datetime NOT NULL DEFAULT CURRENT_TIMESTAMP,
  PRIMARY KEY (`id`,`bid`,`guestid`)
) ENGINE=InnoDB AUTO_INCREMENT=28 DEFAULT CHARSET=latin1;

/*Data for the table `ca_queue_served` */

insert  into `ca_queue_served`(`id`,`bid`,`guestid`,`message`,`isserved`,`createdbyid`,`datecreated`,`modifiedbyid`,`datemodified`) values (1,1,12,'Prepare : SR-01:Standard Room 01','\0',0,'2017-03-07 21:39:09',0,'2017-03-07 21:39:09'),(2,1,12,'Transfer : From Standard Room 01 to FR-01:Family Room 07','\0',0,'2017-03-07 22:02:44',0,'2017-03-07 22:02:44'),(3,2,8,'Prepare : UM-01:Umbrella 1','\0',0,'2017-03-08 00:27:42',0,'2017-03-08 00:27:42'),(4,3,4,'Prepare : UM-02:Umbrella 2','\0',0,'2017-03-26 10:53:24',0,'2017-03-26 10:53:24'),(5,4,13,'Prepare : GA-03:Gazebo 3','\0',0,'2017-03-26 10:56:01',0,'2017-03-26 10:56:01'),(6,5,9,'Prepare : UM-03:Umbrella 3','\0',1,'2017-03-26 17:34:45',0,'2017-03-26 17:34:45'),(7,4,1,'Guest Sir/Ma\'am Villa-Abrille, Daryll is requesting for 1 Entrance Fee (Adult)','\0',1,'2017-07-19 05:19:02',0,'2017-07-19 05:19:02'),(8,4,1,'Guest Sir/Ma\'am Villa-Abrille, Daryll is requesting for 2 Entrance Fee (Senior Citizen / PWD)','\0',1,'2017-07-19 05:19:02',0,'2017-07-19 05:19:02'),(9,6,3,'Prepare : Umbrella 04 for guest Sir/Ma\'am Luna, Juan','\0',1,'2017-09-06 20:02:13',0,'2017-09-06 20:02:13'),(10,7,4,'Prepare : Umbrella 02 for guest Sir/Ma\'am Rizal, Jose','\0',1,'2017-09-07 02:22:05',0,'2017-09-07 02:22:05'),(11,4,1,'Guest Sir/Ma\'am Villa-Abrille, Daryll is requesting for 1 Transfer Accommodation : Umbrella 03 to Gazebo 2 Balance to pay : 1,000.00','\0',1,'2017-09-09 15:29:35',0,'2017-09-09 15:29:35'),(12,4,1,'Guest Sir/Ma\'am Villa-Abrille, Daryll is requesting for 1 Transfer Accommodation : Gazebo 1 to Gazebo 2 Balance to pay : 0.00','\0',1,'2017-09-09 15:38:48',0,'2017-09-09 15:38:48'),(13,8,5,'Prepare : Umbrella 02 for guest Sir/Ma\'am Luna, Juan','\0',1,'2017-09-10 11:27:36',0,'2017-09-10 11:27:36'),(14,8,5,'Guest Sir/Ma\'am Luna, Juan is requesting for 1 Transfer Accommodation : Umbrella 02 to Umbrella 14 Balance to pay : 0.00','\0',1,'2017-09-10 11:28:35',0,'2017-09-10 11:28:35'),(15,8,5,'Guest Sir/Ma\'am Luna, Juan is requesting for 4 Entrance Fee (Adult)','\0',1,'2017-09-10 11:29:20',0,'2017-09-10 11:29:20'),(16,8,5,'Guest Sir/Ma\'am Luna, Juan is requesting for 1 Transfer Accommodation : Umbrella 14 to Umbrella 06 Balance to pay : 0.00','\0',1,'2017-09-11 18:33:07',0,'2017-09-11 18:33:07'),(17,8,5,'Guest Sir/Ma\'am Luna, Juan is requesting for 1 Transfer Accommodation : Umbrella 06 to Umbrella 10 Balance to pay : 0.00','\0',1,'2017-09-11 18:33:58',0,'2017-09-11 18:33:58'),(18,8,5,'Guest Sir/Ma\'am Luna, Juan is requesting for 1 Transfer Accommodation : Umbrella 10 to Umbrella 12 Balance to pay : 0.00','\0',1,'2017-09-11 18:35:17',0,'2017-09-11 18:35:17'),(19,8,5,'Prepare Umbrella 02 for guest Juan Luna','\0',1,'2017-09-11 18:36:14',0,'2017-09-11 18:36:14'),(20,8,5,'Guest JuanLuna is requesting for a room transfer check Umbrella 12 after guest vacates.','\0',1,'2017-09-11 18:36:14',0,'2017-09-11 18:36:14'),(21,8,5,'Guest Sir/Ma\'am Luna, Juan is requesting for 1 Transfer Accommodation : Umbrella 12 to Umbrella 02 Balance to pay : 0.00','\0',1,'2017-09-11 18:36:14',0,'2017-09-11 18:36:14'),(22,8,5,'Prepare Gazebo 1 for guest Juan Luna','\0',1,'2017-09-11 18:38:28',0,'2017-09-11 18:38:28'),(23,8,5,'Guest JuanLuna is requesting for a room transfer from Umbrella 02 to Gazebo 1 check room after guest vacates.','\0',1,'2017-09-11 18:38:28',0,'2017-09-11 18:38:28'),(24,8,5,'Guest Sir/Ma\'am Luna, Juan is requesting for 1 Transfer Accommodation : Umbrella 02 to Gazebo 1 Balance to pay : 1,000.00','\0',1,'2017-09-11 18:38:28',0,'2017-09-11 18:38:28'),(25,9,6,'Prepare : Umbrella 02 for guest Sir/Ma\'am Arellano, Glaiza','\0',1,'2017-09-11 21:16:48',0,'2017-09-11 21:16:48'),(26,10,6,'Prepare : Umbrella 03 for guest Sir/Ma\'am Arellano, Glaiza','\0',1,'2017-09-11 23:06:22',0,'2017-09-11 23:06:22'),(27,11,7,'Prepare : Gazebo 3 for guest Sir/Ma\'am Quezon, Manuel','\0',1,'2017-09-12 10:17:05',0,'2017-09-12 10:17:05');

/*Table structure for table `ca_reqitems` */

DROP TABLE IF EXISTS `ca_reqitems`;

CREATE TABLE `ca_reqitems` (
  `id` bigint(20) NOT NULL AUTO_INCREMENT,
  `bkid` bigint(20) NOT NULL DEFAULT '0',
  `itemtype` int(11) NOT NULL DEFAULT '0',
  `itemid` bigint(20) NOT NULL DEFAULT '0',
  `itemdesc` varchar(150) NOT NULL DEFAULT 'xxx',
  `itemqty` int(11) NOT NULL DEFAULT '0',
  `itemamt` decimal(10,2) NOT NULL DEFAULT '0.00',
  PRIMARY KEY (`id`,`bkid`)
) ENGINE=InnoDB DEFAULT CHARSET=latin1;

/*Data for the table `ca_reqitems` */

/*Table structure for table `ca_reservation` */

DROP TABLE IF EXISTS `ca_reservation`;

CREATE TABLE `ca_reservation` (
  `id` bigint(20) NOT NULL DEFAULT '0',
  `rsvno` varchar(20) NOT NULL DEFAULT '''0000-00-000000''',
  `guestid` bigint(20) NOT NULL DEFAULT '0',
  `rmtypeid` bigint(20) NOT NULL DEFAULT '0',
  `roomid` bigint(20) NOT NULL DEFAULT '0',
  `rsdate` date NOT NULL,
  `isovernight` bit(1) NOT NULL DEFAULT b'0',
  `estguestcnt` int(11) NOT NULL DEFAULT '1',
  `ispaid` bit(1) NOT NULL DEFAULT b'0',
  `rsvstatus` int(11) NOT NULL DEFAULT '0',
  `remarks` text,
  `downpayment` double(10,2) NOT NULL DEFAULT '0.00',
  `balance` double(10,2) NOT NULL DEFAULT '0.00',
  `createdbyid` bigint(20) NOT NULL DEFAULT '0',
  `datecreated` datetime NOT NULL DEFAULT CURRENT_TIMESTAMP,
  `modifiedbyid` bigint(20) NOT NULL DEFAULT '0',
  `datemodified` datetime NOT NULL DEFAULT CURRENT_TIMESTAMP,
  PRIMARY KEY (`id`)
) ENGINE=InnoDB DEFAULT CHARSET=latin1;

/*Data for the table `ca_reservation` */

/*Table structure for table `ca_reservesetting` */

DROP TABLE IF EXISTS `ca_reservesetting`;

CREATE TABLE `ca_reservesetting` (
  `id` bigint(20) NOT NULL AUTO_INCREMENT,
  `allowmindp` bit(1) NOT NULL DEFAULT b'1',
  `dpratetype` int(11) NOT NULL DEFAULT '0',
  `dpvalue` decimal(10,2) NOT NULL DEFAULT '0.00',
  `allowresperiod` bit(1) NOT NULL DEFAULT b'1',
  `maxreservedays` int(11) NOT NULL DEFAULT '5',
  `sendresmail` bit(1) NOT NULL DEFAULT b'1',
  `recstatus` bit(1) NOT NULL DEFAULT b'1',
  `createdbyid` bigint(20) NOT NULL DEFAULT '0',
  `datecreated` datetime NOT NULL DEFAULT CURRENT_TIMESTAMP,
  `modifiedbyid` bigint(20) NOT NULL DEFAULT '0',
  `datemodified` datetime NOT NULL DEFAULT CURRENT_TIMESTAMP,
  PRIMARY KEY (`id`)
) ENGINE=InnoDB DEFAULT CHARSET=latin1;

/*Data for the table `ca_reservesetting` */

/*Table structure for table `ca_room_rates` */

DROP TABLE IF EXISTS `ca_room_rates`;

CREATE TABLE `ca_room_rates` (
  `id` bigint(20) NOT NULL AUTO_INCREMENT,
  `rmtypeid` bigint(20) NOT NULL DEFAULT '0',
  `regular` decimal(10,2) NOT NULL DEFAULT '0.00',
  `regtimein` time DEFAULT NULL,
  `regtimeout` time DEFAULT NULL,
  `overnight` decimal(10,2) NOT NULL DEFAULT '0.00',
  `ovntimein` time DEFAULT NULL,
  `ovntimeout` time DEFAULT NULL,
  `daynight` decimal(10,2) NOT NULL DEFAULT '0.00',
  `daynightin` time DEFAULT NULL,
  `daynightout` time DEFAULT NULL,
  `extension` decimal(10,2) NOT NULL DEFAULT '0.00',
  `extratebase` int(11) NOT NULL DEFAULT '0',
  `datecreated` datetime NOT NULL DEFAULT CURRENT_TIMESTAMP,
  `createdbyid` bigint(20) NOT NULL DEFAULT '0',
  `datemodified` datetime NOT NULL DEFAULT CURRENT_TIMESTAMP,
  `modifiedbyid` bigint(20) NOT NULL DEFAULT '0',
  PRIMARY KEY (`id`,`rmtypeid`)
) ENGINE=InnoDB AUTO_INCREMENT=15 DEFAULT CHARSET=latin1;

/*Data for the table `ca_room_rates` */

insert  into `ca_room_rates`(`id`,`rmtypeid`,`regular`,`regtimein`,`regtimeout`,`overnight`,`ovntimein`,`ovntimeout`,`daynight`,`daynightin`,`daynightout`,`extension`,`extratebase`,`datecreated`,`createdbyid`,`datemodified`,`modifiedbyid`) values (1,1,'500.00','05:00:01','17:00:00','500.00','17:00:01','05:00:00','0.00','05:00:01','05:00:00','0.00',0,'2017-05-22 18:58:28',1,'2017-05-22 18:58:28',0),(2,2,'1500.00','05:00:01','17:00:00','1500.00','17:00:01','05:00:00','0.00','05:00:01','05:00:00','0.00',0,'2017-05-22 18:59:50',1,'2017-05-22 18:59:50',0),(3,3,'1000.00','05:00:01','17:00:00','1000.00','17:00:01','05:00:00','0.00','05:00:01','05:00:00','0.00',0,'2017-05-22 19:00:54',1,'2017-05-22 19:00:54',0),(4,4,'2000.00','05:00:01','17:00:00','2000.00','17:00:01','05:00:00','0.00','05:00:01','05:00:00','0.00',0,'2017-05-22 19:01:57',1,'2017-05-22 19:01:57',0),(5,5,'1000.00','05:00:01','17:00:00','1000.00','17:00:01','05:00:00','0.00','05:00:01','05:00:00','0.00',0,'2017-05-22 19:02:46',1,'2017-05-22 19:02:46',0),(6,6,'1300.00','05:00:01','17:00:00','1300.00','17:00:01','05:00:00','0.00','05:00:01','05:00:00','0.00',0,'2017-05-22 19:03:43',1,'2017-05-22 19:03:43',0),(7,7,'1000.00','05:00:01','17:00:00','1000.00','17:00:01','05:00:00','0.00','05:00:01','05:00:00','0.00',0,'2017-05-22 19:06:53',1,'2017-05-22 19:06:53',0),(8,8,'1300.00','05:00:01','17:00:00','1300.00','17:00:01','05:00:00','0.00','05:00:01','05:00:00','0.00',0,'2017-05-22 19:07:27',1,'2017-05-22 19:07:27',0),(9,9,'1500.00','05:00:01','17:00:00','2000.00','17:00:01','05:00:00','0.00','05:00:01','05:00:00','0.00',0,'2017-05-22 19:08:40',1,'2017-05-22 19:08:40',0),(10,10,'3500.00','05:00:01','17:00:00','3500.00','17:00:01','05:00:00','0.00','05:00:01','05:00:00','0.00',0,'2017-05-22 19:12:07',1,'2017-05-22 19:12:07',0),(11,11,'3000.00','05:00:01','17:00:00','3500.00','17:00:01','05:00:00','0.00','05:00:01','05:00:00','0.00',0,'2017-05-22 19:13:09',1,'2017-05-22 19:13:09',0),(12,12,'3600.00','05:00:01','17:00:00','3600.00','17:00:01','05:00:00','0.00','05:00:01','05:00:00','0.00',0,'2017-05-22 19:13:55',1,'2017-05-22 19:13:55',0),(13,14,'4000.00','05:00:01','17:00:00','4000.00','17:00:01','05:00:00','0.00','05:00:01','05:00:00','0.00',0,'2017-05-22 19:15:15',1,'2017-05-22 19:15:15',0),(14,15,'15000.00','05:00:01','17:00:00','15000.00','17:00:01','05:00:00','0.00','05:00:01','05:00:00','0.00',0,'2017-05-22 19:16:02',1,'2017-05-22 19:16:02',0);

/*Table structure for table `ca_rooms` */

DROP TABLE IF EXISTS `ca_rooms`;

CREATE TABLE `ca_rooms` (
  `id` bigint(20) NOT NULL AUTO_INCREMENT,
  `typeid` bigint(20) NOT NULL DEFAULT '0',
  `roomcode` varchar(25) NOT NULL,
  `roomdesc` varchar(100) NOT NULL,
  `capacity` int(11) NOT NULL DEFAULT '1',
  `recstatus` bit(1) NOT NULL DEFAULT b'1',
  `datecreated` datetime NOT NULL DEFAULT CURRENT_TIMESTAMP,
  `createdbyid` bigint(20) NOT NULL DEFAULT '0',
  `datemodified` datetime NOT NULL DEFAULT CURRENT_TIMESTAMP,
  `modifiedbyid` bigint(20) NOT NULL DEFAULT '0',
  PRIMARY KEY (`id`)
) ENGINE=InnoDB AUTO_INCREMENT=73 DEFAULT CHARSET=latin1;

/*Data for the table `ca_rooms` */

insert  into `ca_rooms`(`id`,`typeid`,`roomcode`,`roomdesc`,`capacity`,`recstatus`,`datecreated`,`createdbyid`,`datemodified`,`modifiedbyid`) values (1,1,'UM-01','Umbrella 01',10,'','2017-02-12 02:24:49',0,'2017-05-13 20:04:50',1),(2,1,'UM-02','Umbrella 02',10,'','2017-02-12 02:24:49',0,'2017-05-13 20:04:50',1),(3,1,'UM-03','Umbrella 03',10,'','2017-02-12 02:24:49',0,'2017-05-13 20:04:50',1),(4,1,'UM-04','Umbrella 04',10,'','2017-02-12 02:24:49',0,'2017-05-13 20:04:50',1),(5,1,'UM-05','Umbrella 05',10,'','2017-02-12 02:24:49',0,'2017-05-13 20:04:50',1),(6,1,'UM-06','Umbrella 06',10,'','2017-02-12 02:24:49',0,'2017-05-13 20:04:50',1),(7,1,'UM-07','Umbrella 07',10,'','2017-02-12 02:24:49',0,'2017-05-13 20:04:50',1),(8,1,'UM-08','Umbrella 08',10,'','2017-02-12 02:24:49',0,'2017-05-13 20:04:50',1),(9,1,'UM-09','Umbrella 09',10,'','2017-02-12 02:24:49',0,'2017-05-13 20:04:50',1),(10,1,'UM-10','Umbrella 10',10,'','2017-02-12 02:24:49',0,'2017-05-13 20:04:50',1),(11,1,'UM-11','Umbrella 11',10,'','2017-02-12 02:24:49',0,'2017-05-13 20:04:50',1),(12,1,'UM-12','Umbrella 12',10,'','2017-02-12 02:24:49',0,'2017-05-13 20:04:50',1),(13,1,'UM-13','Umbrella 13',10,'','2017-02-12 02:24:49',0,'2017-05-13 20:04:50',1),(14,1,'UM-14','Umbrella 14',10,'','2017-02-12 02:24:49',0,'2017-05-13 20:04:50',1),(15,2,'GA-01','Gazebo 1',20,'','2017-02-12 02:24:49',0,'2017-05-13 20:04:50',1),(16,2,'GA-02','Gazebo 2',20,'','2017-02-12 02:24:49',0,'2017-05-13 20:04:50',1),(17,3,'GA-03','Gazebo 3',20,'','2017-02-12 02:24:49',0,'2017-05-13 20:04:50',1),(18,3,'GA-04','Gazebo 4',20,'','2017-02-12 02:24:49',0,'2017-05-13 20:04:50',1),(19,3,'GA-05','Gazebo 5',20,'','2017-02-12 02:24:49',0,'2017-05-13 20:04:50',1),(20,3,'GA-06','Gazebo 6',20,'','2017-02-12 02:24:49',0,'2017-05-13 20:04:50',1),(21,4,'B-G','Big Gazebo',40,'','2017-02-12 02:24:49',0,'2017-05-13 20:04:50',1),(22,5,'A-01','Cabana A1',20,'','2017-02-12 02:24:49',0,'2017-05-13 20:04:50',1),(23,5,'A-02','Cabana A2',20,'','2017-02-12 02:24:49',0,'2017-05-13 20:04:50',1),(24,5,'A-03','Cabana A3',20,'','2017-02-12 02:24:49',0,'2017-05-13 20:04:50',1),(25,5,'A-04','Cabana A4',20,'','2017-02-12 02:24:49',0,'2017-05-13 20:04:50',1),(26,5,'A-05','Cabana A5',20,'','2017-02-12 02:24:49',0,'2017-05-13 20:04:50',1),(27,5,'A-06','Cabana A6',20,'','2017-02-12 02:24:49',0,'2017-05-13 20:04:50',1),(28,5,'A-07','Cabana A7',20,'','2017-02-12 02:24:49',0,'2017-05-13 20:04:50',1),(29,5,'A-08','Cabana A8',20,'','2017-02-12 02:24:49',0,'2017-05-13 20:04:50',1),(30,5,'A-09','Cabana A9',20,'','2017-02-12 02:24:49',0,'2017-05-13 20:04:50',1),(31,5,'A-11','Cabana A11',20,'','2017-02-12 02:24:49',0,'2017-05-13 20:04:50',1),(32,5,'A-12','Cabana A12',20,'','2017-02-12 02:24:49',0,'2017-05-13 20:04:50',1),(33,5,'A-13','Cabana A13',20,'','2017-02-12 02:24:49',0,'2017-05-13 20:04:50',1),(34,5,'A-14','Cabana A14',20,'','2017-02-12 02:24:49',0,'2017-05-13 20:04:50',1),(35,5,'A-15','Cabana A15',20,'','2017-02-12 02:24:49',0,'2017-05-13 20:04:50',1),(36,6,'A-10','Cabana A10',25,'','2017-02-12 02:24:49',0,'2017-05-13 20:04:50',1),(37,6,'A-16','Cabana A16',25,'','2017-02-12 02:24:49',0,'2017-05-13 20:04:50',1),(38,7,'B-01','Cabana A1',20,'','2017-02-12 02:24:49',0,'2017-05-13 20:04:50',1),(39,7,'B-02','Cabana A2',20,'','2017-02-12 02:24:49',0,'2017-05-13 20:04:50',1),(40,7,'B-03','Cabana A3',20,'','2017-02-12 02:24:49',0,'2017-05-13 20:04:50',1),(41,7,'B-04','Cabana A4',20,'','2017-02-12 02:24:49',0,'2017-05-13 20:04:50',1),(42,7,'B-05','Cabana A5',20,'','2017-02-12 02:24:49',0,'2017-05-13 20:04:50',1),(43,7,'B-06','Cabana A6',20,'','2017-02-12 02:24:49',0,'2017-05-13 20:04:50',1),(44,7,'B-07','Cabana A7',20,'','2017-02-12 02:24:49',0,'2017-05-13 20:04:50',1),(45,7,'B-08','Cabana A8',20,'','2017-02-12 02:24:49',0,'2017-05-13 20:04:50',1),(46,7,'B-09','Cabana A9',20,'','2017-02-12 02:24:49',0,'2017-05-13 20:04:50',1),(47,7,'B-11','Cabana A11',20,'','2017-02-12 02:24:49',0,'2017-05-13 20:04:50',1),(48,7,'B-12','Cabana A12',20,'','2017-02-12 02:24:49',0,'2017-05-13 20:04:50',1),(49,7,'B-13','Cabana A13',20,'','2017-02-12 02:24:49',0,'2017-05-13 20:04:50',1),(50,7,'B-14','Cabana A14',20,'','2017-02-12 02:24:49',0,'2017-05-13 20:04:50',1),(51,7,'B-15','Cabana A15',20,'','2017-02-12 02:24:49',0,'2017-05-13 20:04:50',1),(52,8,'B-10','Cabana A10',25,'','2017-02-12 02:24:49',0,'2017-05-13 20:04:50',1),(53,8,'B-16','Cabana A16',25,'','2017-02-12 02:24:49',0,'2017-05-13 20:04:50',1),(54,9,'Casa-01','Casa 01',6,'','2017-02-12 02:24:49',0,'2017-05-13 20:04:50',1),(55,9,'Casa-02','Casa 02',6,'','2017-02-12 02:24:49',0,'2017-05-13 20:04:50',1),(56,9,'Casa-03','Casa 03',6,'','2017-02-12 02:24:49',0,'2017-05-13 20:04:50',1),(57,9,'Casa-04','Casa 04',6,'','2017-02-12 02:24:49',0,'2017-05-13 20:04:50',1),(58,9,'Casa-05','Casa 05',6,'','2017-02-12 02:24:49',0,'2017-05-13 20:04:50',1),(59,9,'Casa-06','Casa 06',6,'','2017-02-12 02:24:49',0,'2017-05-13 20:04:50',1),(60,9,'Casa-07','Casa 07',6,'','2017-02-12 02:24:49',0,'2017-05-13 20:04:50',1),(61,9,'Casa-08','Casa 08',6,'','2017-02-12 02:24:49',0,'2017-05-13 20:04:50',1),(62,10,'FAM RM-02','Family Room 02',20,'','2017-02-12 02:24:49',0,'2017-05-13 20:04:50',1),(63,10,'FAM RM-09','Family Room 09',20,'','2017-02-12 02:24:49',0,'2017-05-13 20:04:50',1),(64,11,'VI-01','Villa 01',10,'','2017-02-12 02:24:49',0,'2017-05-13 20:04:50',1),(65,11,'VI-02','Villa 02',10,'','2017-02-12 02:24:49',0,'2017-05-13 20:04:50',1),(66,11,'VI-03','Villa 03',10,'','2017-02-12 02:24:49',0,'2017-05-13 20:04:50',1),(67,11,'VI-04','Villa 04',10,'','2017-02-12 02:24:49',0,'2017-05-13 20:04:50',1),(68,11,'VI-06','Villa 06',10,'','2017-02-12 02:24:49',0,'2017-05-13 20:04:50',1),(69,12,'VI-05','Villa 05 (Open)',10,'','2017-02-12 02:24:49',0,'2017-05-13 20:04:50',1),(70,13,'COR-01','Conference Room 01',50,'','2017-02-12 02:24:49',0,'2017-05-22 18:54:50',1),(71,14,'FH-01','Function Hall 01',50,'','2017-02-12 02:24:49',0,'2017-05-13 20:04:50',1),(72,15,'PV-01','Pavillion 01',50,'','2017-02-12 02:24:49',0,'2017-05-13 20:04:50',1);

/*Table structure for table `ca_roomtype` */

DROP TABLE IF EXISTS `ca_roomtype`;

CREATE TABLE `ca_roomtype` (
  `id` bigint(20) NOT NULL AUTO_INCREMENT,
  `typedesc` varchar(50) DEFAULT NULL,
  `allowdp` bit(1) NOT NULL DEFAULT b'0',
  `dptype` int(1) NOT NULL DEFAULT '0',
  `dpvalue` double NOT NULL DEFAULT '0',
  `recstatus` bit(1) NOT NULL DEFAULT b'1',
  `datecreated` datetime NOT NULL DEFAULT CURRENT_TIMESTAMP,
  `createdbyid` bigint(20) NOT NULL DEFAULT '0',
  `datemodified` datetime NOT NULL DEFAULT CURRENT_TIMESTAMP,
  `modifiedbyid` bigint(20) NOT NULL DEFAULT '0',
  PRIMARY KEY (`id`)
) ENGINE=InnoDB AUTO_INCREMENT=16 DEFAULT CHARSET=latin1;

/*Data for the table `ca_roomtype` */

insert  into `ca_roomtype`(`id`,`typedesc`,`allowdp`,`dptype`,`dpvalue`,`recstatus`,`datecreated`,`createdbyid`,`datemodified`,`modifiedbyid`) values (1,'Umbrella (1-14)','\0',0,0,'','2017-02-12 02:24:49',0,'2017-05-14 01:22:26',1),(2,'Gazebo (1-2)','\0',0,0,'','2017-02-12 02:24:49',0,'2017-05-02 23:17:58',1),(3,'Gazebo (3-6)','\0',0,0,'','2017-02-12 02:24:49',0,'2017-05-14 01:23:07',1),(4,'Big Gazebo','\0',0,0,'','2017-05-14 01:26:10',1,'2017-05-14 01:26:10',0),(5,'Cabana (A1-A9, A11-A15)','\0',0,0,'','2017-02-12 02:24:49',0,'2017-05-14 01:24:17',1),(6,'Cabana (A10, A16)','\0',0,0,'','2017-05-14 01:21:33',1,'2017-05-18 18:33:46',1),(7,'Cabana (B1-B9, B11-B15)','\0',0,0,'','2017-05-18 18:32:29',1,'2017-05-18 18:33:37',1),(8,'Cabana (B10, B16)','\0',0,0,'','2017-05-18 18:33:01',1,'2017-05-18 18:33:01',0),(9,'Casa (1-8)','\0',0,0,'','2017-02-12 02:24:49',0,'2017-05-17 17:19:12',1),(10,'Family Rooms','\0',0,0,'','2017-02-12 02:24:49',0,'2017-05-02 23:17:15',1),(11,'Villa (1-6)','\0',0,0,'','2017-02-12 02:24:49',0,'2017-05-02 23:16:54',1),(12,'Villa 5','\0',0,0,'','2017-02-12 02:24:49',0,'2017-05-02 23:17:05',1),(13,'Conference Rooms','\0',0,0,'','2017-02-12 02:24:49',0,'2017-05-02 23:16:42',1),(14,'Function Hall','\0',0,0,'','2017-02-12 02:24:49',0,'2017-05-02 23:16:42',1),(15,'Pavillion','\0',0,0,'','2017-02-12 12:39:53',0,'2017-05-02 23:16:32',1);

/*Table structure for table `ca_serving_board` */

DROP TABLE IF EXISTS `ca_serving_board`;

CREATE TABLE `ca_serving_board` (
  `id` bigint(20) NOT NULL AUTO_INCREMENT,
  `bkid` bigint(20) NOT NULL DEFAULT '0',
  `served` bit(1) NOT NULL DEFAULT b'0',
  `inqueue` bit(1) NOT NULL DEFAULT b'0',
  `createdbyid` bigint(20) NOT NULL DEFAULT '0',
  `datecreated` datetime NOT NULL DEFAULT CURRENT_TIMESTAMP,
  PRIMARY KEY (`id`,`bkid`)
) ENGINE=InnoDB AUTO_INCREMENT=3 DEFAULT CHARSET=utf8;

/*Data for the table `ca_serving_board` */

insert  into `ca_serving_board`(`id`,`bkid`,`served`,`inqueue`,`createdbyid`,`datecreated`) values (1,10,'','',1,'2017-09-11 23:06:22'),(2,11,'','',1,'2017-09-12 10:17:05');

/*Table structure for table `ca_user_roles` */

DROP TABLE IF EXISTS `ca_user_roles`;

CREATE TABLE `ca_user_roles` (
  `id` bigint(20) NOT NULL AUTO_INCREMENT,
  `roledesc` varchar(150) NOT NULL DEFAULT 'Default Role',
  `allowlogin` bit(1) DEFAULT b'1',
  `allowbilling` bit(1) DEFAULT b'1',
  `allowreserve` bit(1) DEFAULT b'1',
  `allowinventory` bit(1) DEFAULT b'1',
  `allowcashier` bit(1) DEFAULT b'1',
  `allowsettings` bit(1) DEFAULT b'1',
  `rolestat` bit(1) NOT NULL DEFAULT b'1',
  `datecreated` datetime NOT NULL DEFAULT CURRENT_TIMESTAMP,
  `createdbyid` bigint(20) NOT NULL DEFAULT '0',
  `datemodified` datetime NOT NULL DEFAULT CURRENT_TIMESTAMP,
  `modifiedbyid` bigint(20) NOT NULL DEFAULT '0',
  PRIMARY KEY (`id`)
) ENGINE=InnoDB AUTO_INCREMENT=7 DEFAULT CHARSET=latin1;

/*Data for the table `ca_user_roles` */

insert  into `ca_user_roles`(`id`,`roledesc`,`allowlogin`,`allowbilling`,`allowreserve`,`allowinventory`,`allowcashier`,`allowsettings`,`rolestat`,`datecreated`,`createdbyid`,`datemodified`,`modifiedbyid`) values (1,'CA-Administrator','','','','','','','','2017-02-06 02:53:17',0,'2017-02-06 02:53:17',0),(2,'Receptionists - I','','','','','\0','\0','','0000-00-00 00:00:00',20170430192843,'2017-04-30 19:45:30',1),(3,'Cashiers','','','','','\0','\0','','0000-00-00 00:00:00',20170430193700,'2017-04-30 19:37:00',0),(4,'Resort Staff','','\0','\0','','\0','\0','\0','0000-00-00 00:00:00',20170430193929,'2017-04-30 19:39:29',0),(5,'Resort Staff - I','','\0','\0','','','\0','','0000-00-00 00:00:00',20170501021455,'2017-05-01 02:15:18',1),(6,'Maintenance','','\0','\0','','\0','\0','','2017-09-09 15:40:55',1,'2017-09-09 15:40:55',0);

/*Table structure for table `ca_users` */

DROP TABLE IF EXISTS `ca_users`;

CREATE TABLE `ca_users` (
  `id` bigint(20) NOT NULL AUTO_INCREMENT,
  `barcodeid` varchar(25) NOT NULL DEFAULT '0',
  `loginid` varchar(25) NOT NULL,
  `loginpw` text NOT NULL,
  `lastname` varchar(50) NOT NULL,
  `firstname` varchar(50) NOT NULL,
  `middlename` varchar(50) DEFAULT NULL,
  `roleid` bigint(20) NOT NULL DEFAULT '0',
  `recstatus` bit(1) NOT NULL DEFAULT b'1',
  `datecreated` datetime NOT NULL DEFAULT CURRENT_TIMESTAMP,
  `createdbyid` bigint(20) NOT NULL DEFAULT '0',
  `datemodified` datetime NOT NULL DEFAULT CURRENT_TIMESTAMP,
  `modifiedbyid` bigint(20) NOT NULL DEFAULT '0',
  PRIMARY KEY (`id`,`firstname`,`lastname`)
) ENGINE=InnoDB AUTO_INCREMENT=6 DEFAULT CHARSET=latin1;

/*Data for the table `ca_users` */

insert  into `ca_users`(`id`,`barcodeid`,`loginid`,`loginpw`,`lastname`,`firstname`,`middlename`,`roleid`,`recstatus`,`datecreated`,`createdbyid`,`datemodified`,`modifiedbyid`) values (1,'9999999999','ca-admin','ccc1c1812d2258fb841a8e78ff7899a0','Admin','Admininstrator','',1,'','2017-02-06 02:55:36',0,'2017-02-06 02:55:36',0),(2,'8888888888','cashier1','136989baac262ea3f560297aab280c8d','Dela Cruz','Romel','Sena',3,'','0000-00-00 00:00:00',20170501165259,'2017-05-01 17:16:40',1),(3,'7777777777','cashier02','d8d152c285fd4af7bb4cc0dd53c4cc4e','Arellano','Glaiza','E',3,'','0000-00-00 00:00:00',20170614124635,'2017-06-14 12:46:35',0),(4,'6666666666','cashier-daryll','d8d152c285fd4af7bb4cc0dd53c4cc4e','Villa-Abrille','Daryll','A',3,'','0000-00-00 00:00:00',20170618122304,'2017-06-18 12:23:04',0),(5,'0000001','Deluna1','84ef6e969f089d0fd36f2f168888d2e7','De Luna','Michelle','Deogracias',6,'','0000-00-00 00:00:00',20170909154201,'2017-09-09 15:42:27',1);

/*Table structure for table `ci_sessions` */

DROP TABLE IF EXISTS `ci_sessions`;

CREATE TABLE `ci_sessions` (
  `id` varchar(40) NOT NULL,
  `ip_address` varchar(45) NOT NULL,
  `timestamp` int(10) unsigned NOT NULL DEFAULT '0',
  `data` blob NOT NULL,
  PRIMARY KEY (`id`),
  KEY `ci_sessions_timestamp` (`timestamp`)
) ENGINE=InnoDB DEFAULT CHARSET=latin1;

/*Data for the table `ci_sessions` */

insert  into `ci_sessions`(`id`,`ip_address`,`timestamp`,`data`) values ('0d7bdllnjla0prfqv25kk87kk4o4fpks','::1',1490494914,'__ci_last_regenerate|i:1490494602;udata|a:1:{i:0;a:10:{s:3:\"uid\";s:1:\"1\";s:3:\"lid\";s:8:\"ca-admin\";s:5:\"lname\";s:5:\"Admin\";s:5:\"fname\";s:14:\"Admininstrator\";s:10:\"allowlogin\";s:1:\"1\";s:12:\"allowbilling\";s:1:\"1\";s:12:\"allowreserve\";s:1:\"1\";s:14:\"allowinventory\";s:1:\"1\";s:12:\"allowcashier\";s:1:\"1\";s:13:\"allowsettings\";s:1:\"1\";}}'),('0hqo1j4vlr8i2ip82gcnv3ums7g9boej','::1',1490329736,'__ci_last_regenerate|i:1490329698;udata|a:1:{i:0;a:10:{s:3:\"uid\";s:1:\"1\";s:3:\"lid\";s:8:\"ca-admin\";s:5:\"lname\";s:5:\"Admin\";s:5:\"fname\";s:14:\"Admininstrator\";s:10:\"allowlogin\";s:1:\"1\";s:12:\"allowbilling\";s:1:\"1\";s:12:\"allowreserve\";s:1:\"1\";s:14:\"allowinventory\";s:1:\"1\";s:12:\"allowcashier\";s:1:\"1\";s:13:\"allowsettings\";s:1:\"1\";}}'),('0ogftae9iqhv68mauqjtgm3hrutf8vl5','::1',1490540682,'__ci_last_regenerate|i:1490540321;udata|a:1:{i:0;a:10:{s:3:\"uid\";s:1:\"1\";s:3:\"lid\";s:8:\"ca-admin\";s:5:\"lname\";s:5:\"Admin\";s:5:\"fname\";s:14:\"Admininstrator\";s:10:\"allowlogin\";s:1:\"1\";s:12:\"allowbilling\";s:1:\"1\";s:12:\"allowreserve\";s:1:\"1\";s:14:\"allowinventory\";s:1:\"1\";s:12:\"allowcashier\";s:1:\"1\";s:13:\"allowsettings\";s:1:\"1\";}}'),('0qtokdud85fid0d6hn6qgl5sjdbp5t64','::1',1490277622,'__ci_last_regenerate|i:1490276639;udata|a:1:{i:0;a:10:{s:3:\"uid\";s:1:\"1\";s:3:\"lid\";s:8:\"ca-admin\";s:5:\"lname\";s:5:\"Admin\";s:5:\"fname\";s:14:\"Admininstrator\";s:10:\"allowlogin\";s:1:\"1\";s:12:\"allowbilling\";s:1:\"1\";s:12:\"allowreserve\";s:1:\"1\";s:14:\"allowinventory\";s:1:\"1\";s:12:\"allowcashier\";s:1:\"1\";s:13:\"allowsettings\";s:1:\"1\";}}'),('0vobvrqti8e5e1mq38bqcro7ksepu65s','::1',1491106634,'__ci_last_regenerate|i:1491106423;udata|a:1:{i:0;a:10:{s:3:\"uid\";s:1:\"1\";s:3:\"lid\";s:8:\"ca-admin\";s:5:\"lname\";s:5:\"Admin\";s:5:\"fname\";s:14:\"Admininstrator\";s:10:\"allowlogin\";s:1:\"1\";s:12:\"allowbilling\";s:1:\"1\";s:12:\"allowreserve\";s:1:\"1\";s:14:\"allowinventory\";s:1:\"1\";s:12:\"allowcashier\";s:1:\"1\";s:13:\"allowsettings\";s:1:\"1\";}}'),('1a53vld5hf87h0kh3o7e8gsnp53mkh1d','::1',1490291755,'__ci_last_regenerate|i:1490291457;udata|a:1:{i:0;a:10:{s:3:\"uid\";s:1:\"1\";s:3:\"lid\";s:8:\"ca-admin\";s:5:\"lname\";s:5:\"Admin\";s:5:\"fname\";s:14:\"Admininstrator\";s:10:\"allowlogin\";s:1:\"1\";s:12:\"allowbilling\";s:1:\"1\";s:12:\"allowreserve\";s:1:\"1\";s:14:\"allowinventory\";s:1:\"1\";s:12:\"allowcashier\";s:1:\"1\";s:13:\"allowsettings\";s:1:\"1\";}}'),('1qst5l9298n0t3fb1cg3s3nakua290e1','::1',1490857941,'__ci_last_regenerate|i:1490857938;udata|a:1:{i:0;a:10:{s:3:\"uid\";s:1:\"1\";s:3:\"lid\";s:8:\"ca-admin\";s:5:\"lname\";s:5:\"Admin\";s:5:\"fname\";s:14:\"Admininstrator\";s:10:\"allowlogin\";s:1:\"1\";s:12:\"allowbilling\";s:1:\"1\";s:12:\"allowreserve\";s:1:\"1\";s:14:\"allowinventory\";s:1:\"1\";s:12:\"allowcashier\";s:1:\"1\";s:13:\"allowsettings\";s:1:\"1\";}}'),('22g59p7gthtf0hqv0sa22qd4m810pvej','::1',1490330013,'__ci_last_regenerate|i:1490330011;udata|a:1:{i:0;a:10:{s:3:\"uid\";s:1:\"1\";s:3:\"lid\";s:8:\"ca-admin\";s:5:\"lname\";s:5:\"Admin\";s:5:\"fname\";s:14:\"Admininstrator\";s:10:\"allowlogin\";s:1:\"1\";s:12:\"allowbilling\";s:1:\"1\";s:12:\"allowreserve\";s:1:\"1\";s:14:\"allowinventory\";s:1:\"1\";s:12:\"allowcashier\";s:1:\"1\";s:13:\"allowsettings\";s:1:\"1\";}}'),('2dh6sqd1p97cmh7b0ivumshfam005uas','::1',1491128770,'__ci_last_regenerate|i:1491128759;udata|a:1:{i:0;a:10:{s:3:\"uid\";s:1:\"1\";s:3:\"lid\";s:8:\"ca-admin\";s:5:\"lname\";s:5:\"Admin\";s:5:\"fname\";s:14:\"Admininstrator\";s:10:\"allowlogin\";s:1:\"1\";s:12:\"allowbilling\";s:1:\"1\";s:12:\"allowreserve\";s:1:\"1\";s:14:\"allowinventory\";s:1:\"1\";s:12:\"allowcashier\";s:1:\"1\";s:13:\"allowsettings\";s:1:\"1\";}}'),('2ek5n5ukncqtrrcd4mkec88ldvdd8e4d','::1',1490328733,'__ci_last_regenerate|i:1490328569;udata|a:1:{i:0;a:10:{s:3:\"uid\";s:1:\"1\";s:3:\"lid\";s:8:\"ca-admin\";s:5:\"lname\";s:5:\"Admin\";s:5:\"fname\";s:14:\"Admininstrator\";s:10:\"allowlogin\";s:1:\"1\";s:12:\"allowbilling\";s:1:\"1\";s:12:\"allowreserve\";s:1:\"1\";s:14:\"allowinventory\";s:1:\"1\";s:12:\"allowcashier\";s:1:\"1\";s:13:\"allowsettings\";s:1:\"1\";}}'),('2nup6170i9b1jkmuur9cc3c4921jc66c','::1',1490496358,'__ci_last_regenerate|i:1490495844;udata|a:1:{i:0;a:10:{s:3:\"uid\";s:1:\"1\";s:3:\"lid\";s:8:\"ca-admin\";s:5:\"lname\";s:5:\"Admin\";s:5:\"fname\";s:14:\"Admininstrator\";s:10:\"allowlogin\";s:1:\"1\";s:12:\"allowbilling\";s:1:\"1\";s:12:\"allowreserve\";s:1:\"1\";s:14:\"allowinventory\";s:1:\"1\";s:12:\"allowcashier\";s:1:\"1\";s:13:\"allowsettings\";s:1:\"1\";}}'),('3odateol0pg1gktf35hcek9ol6ktjbv4','::1',1492786087,'__ci_last_regenerate|i:1492786026;udata|a:1:{i:0;a:10:{s:3:\"uid\";s:1:\"1\";s:3:\"lid\";s:8:\"ca-admin\";s:5:\"lname\";s:5:\"Admin\";s:5:\"fname\";s:14:\"Admininstrator\";s:10:\"allowlogin\";s:1:\"1\";s:12:\"allowbilling\";s:1:\"1\";s:12:\"allowreserve\";s:1:\"1\";s:14:\"allowinventory\";s:1:\"1\";s:12:\"allowcashier\";s:1:\"1\";s:13:\"allowsettings\";s:1:\"1\";}}'),('44ba1nuqh69hbpv13iqdqvb2m1vqs9df','::1',1490345047,'__ci_last_regenerate|i:1490345045;udata|a:1:{i:0;a:10:{s:3:\"uid\";s:1:\"1\";s:3:\"lid\";s:8:\"ca-admin\";s:5:\"lname\";s:5:\"Admin\";s:5:\"fname\";s:14:\"Admininstrator\";s:10:\"allowlogin\";s:1:\"1\";s:12:\"allowbilling\";s:1:\"1\";s:12:\"allowreserve\";s:1:\"1\";s:14:\"allowinventory\";s:1:\"1\";s:12:\"allowcashier\";s:1:\"1\";s:13:\"allowsettings\";s:1:\"1\";}}'),('4dcu4rbigul62gjq6s50k1tqsumn6jg5','::1',1490342478,'__ci_last_regenerate|i:1490342476;udata|a:1:{i:0;a:10:{s:3:\"uid\";s:1:\"1\";s:3:\"lid\";s:8:\"ca-admin\";s:5:\"lname\";s:5:\"Admin\";s:5:\"fname\";s:14:\"Admininstrator\";s:10:\"allowlogin\";s:1:\"1\";s:12:\"allowbilling\";s:1:\"1\";s:12:\"allowreserve\";s:1:\"1\";s:14:\"allowinventory\";s:1:\"1\";s:12:\"allowcashier\";s:1:\"1\";s:13:\"allowsettings\";s:1:\"1\";}}'),('4edphl2o1lkorof3im4upgp7mdsmdarf','::1',1490336390,'__ci_last_regenerate|i:1490336388;udata|a:1:{i:0;a:10:{s:3:\"uid\";s:1:\"1\";s:3:\"lid\";s:8:\"ca-admin\";s:5:\"lname\";s:5:\"Admin\";s:5:\"fname\";s:14:\"Admininstrator\";s:10:\"allowlogin\";s:1:\"1\";s:12:\"allowbilling\";s:1:\"1\";s:12:\"allowreserve\";s:1:\"1\";s:14:\"allowinventory\";s:1:\"1\";s:12:\"allowcashier\";s:1:\"1\";s:13:\"allowsettings\";s:1:\"1\";}}'),('4ntu5bvebifum2hpl494jft0dho40o9p','::1',1490525828,'__ci_last_regenerate|i:1490524765;udata|a:1:{i:0;a:10:{s:3:\"uid\";s:1:\"1\";s:3:\"lid\";s:8:\"ca-admin\";s:5:\"lname\";s:5:\"Admin\";s:5:\"fname\";s:14:\"Admininstrator\";s:10:\"allowlogin\";s:1:\"1\";s:12:\"allowbilling\";s:1:\"1\";s:12:\"allowreserve\";s:1:\"1\";s:14:\"allowinventory\";s:1:\"1\";s:12:\"allowcashier\";s:1:\"1\";s:13:\"allowsettings\";s:1:\"1\";}}'),('4q0kba9vg0o6eophrdaohjdr9f5ui79p','::1',1491100111,'__ci_last_regenerate|i:1491100092;udata|a:1:{i:0;a:10:{s:3:\"uid\";s:1:\"1\";s:3:\"lid\";s:8:\"ca-admin\";s:5:\"lname\";s:5:\"Admin\";s:5:\"fname\";s:14:\"Admininstrator\";s:10:\"allowlogin\";s:1:\"1\";s:12:\"allowbilling\";s:1:\"1\";s:12:\"allowreserve\";s:1:\"1\";s:14:\"allowinventory\";s:1:\"1\";s:12:\"allowcashier\";s:1:\"1\";s:13:\"allowsettings\";s:1:\"1\";}}'),('4rj0j8dclstokrqvsoqr52gbpjlds6jt','::1',1493035631,'__ci_last_regenerate|i:1493035621;udata|a:1:{i:0;a:10:{s:3:\"uid\";s:1:\"1\";s:3:\"lid\";s:8:\"ca-admin\";s:5:\"lname\";s:5:\"Admin\";s:5:\"fname\";s:14:\"Admininstrator\";s:10:\"allowlogin\";s:1:\"1\";s:12:\"allowbilling\";s:1:\"1\";s:12:\"allowreserve\";s:1:\"1\";s:14:\"allowinventory\";s:1:\"1\";s:12:\"allowcashier\";s:1:\"1\";s:13:\"allowsettings\";s:1:\"1\";}}'),('4rnkfbmhli9u677ppku1jahub8lf1rsq','::1',1490496965,'__ci_last_regenerate|i:1490496765;udata|a:1:{i:0;a:10:{s:3:\"uid\";s:1:\"1\";s:3:\"lid\";s:8:\"ca-admin\";s:5:\"lname\";s:5:\"Admin\";s:5:\"fname\";s:14:\"Admininstrator\";s:10:\"allowlogin\";s:1:\"1\";s:12:\"allowbilling\";s:1:\"1\";s:12:\"allowreserve\";s:1:\"1\";s:14:\"allowinventory\";s:1:\"1\";s:12:\"allowcashier\";s:1:\"1\";s:13:\"allowsettings\";s:1:\"1\";}}'),('59kh34q8d5ci85b7tct6h4tdgqnpirmq','192.168.254.101',1492689894,'__ci_last_regenerate|i:1492689894;'),('5d54m4uhvba3ojtl9bn3oeqaido8r02p','::1',1490331984,'__ci_last_regenerate|i:1490331708;udata|a:1:{i:0;a:10:{s:3:\"uid\";s:1:\"1\";s:3:\"lid\";s:8:\"ca-admin\";s:5:\"lname\";s:5:\"Admin\";s:5:\"fname\";s:14:\"Admininstrator\";s:10:\"allowlogin\";s:1:\"1\";s:12:\"allowbilling\";s:1:\"1\";s:12:\"allowreserve\";s:1:\"1\";s:14:\"allowinventory\";s:1:\"1\";s:12:\"allowcashier\";s:1:\"1\";s:13:\"allowsettings\";s:1:\"1\";}}'),('5e5g2kbcnmfft5eom73beo6mr7ak48bh','::1',1490535535,'__ci_last_regenerate|i:1490535531;udata|a:1:{i:0;a:10:{s:3:\"uid\";s:1:\"1\";s:3:\"lid\";s:8:\"ca-admin\";s:5:\"lname\";s:5:\"Admin\";s:5:\"fname\";s:14:\"Admininstrator\";s:10:\"allowlogin\";s:1:\"1\";s:12:\"allowbilling\";s:1:\"1\";s:12:\"allowreserve\";s:1:\"1\";s:14:\"allowinventory\";s:1:\"1\";s:12:\"allowcashier\";s:1:\"1\";s:13:\"allowsettings\";s:1:\"1\";}}'),('5gntvbhe32rs01e2s93f19otn0vpduo1','::1',1491804257,'__ci_last_regenerate|i:1491804234;udata|a:1:{i:0;a:10:{s:3:\"uid\";s:1:\"1\";s:3:\"lid\";s:8:\"ca-admin\";s:5:\"lname\";s:5:\"Admin\";s:5:\"fname\";s:14:\"Admininstrator\";s:10:\"allowlogin\";s:1:\"1\";s:12:\"allowbilling\";s:1:\"1\";s:12:\"allowreserve\";s:1:\"1\";s:14:\"allowinventory\";s:1:\"1\";s:12:\"allowcashier\";s:1:\"1\";s:13:\"allowsettings\";s:1:\"1\";}}'),('5mi0ao57mrj9la907u8nklj2pn648dab','::1',1490257687,'__ci_last_regenerate|i:1490257405;udata|a:1:{i:0;a:10:{s:3:\"uid\";s:1:\"1\";s:3:\"lid\";s:8:\"ca-admin\";s:5:\"lname\";s:5:\"Admin\";s:5:\"fname\";s:14:\"Admininstrator\";s:10:\"allowlogin\";s:1:\"1\";s:12:\"allowbilling\";s:1:\"1\";s:12:\"allowreserve\";s:1:\"1\";s:14:\"allowinventory\";s:1:\"1\";s:12:\"allowcashier\";s:1:\"1\";s:13:\"allowsettings\";s:1:\"1\";}}'),('62jbtpsf5im09ft71vrqf1t55plpfrg9','::1',1490374569,'__ci_last_regenerate|i:1490374568;udata|a:1:{i:0;a:10:{s:3:\"uid\";s:1:\"1\";s:3:\"lid\";s:8:\"ca-admin\";s:5:\"lname\";s:5:\"Admin\";s:5:\"fname\";s:14:\"Admininstrator\";s:10:\"allowlogin\";s:1:\"1\";s:12:\"allowbilling\";s:1:\"1\";s:12:\"allowreserve\";s:1:\"1\";s:14:\"allowinventory\";s:1:\"1\";s:12:\"allowcashier\";s:1:\"1\";s:13:\"allowsettings\";s:1:\"1\";}}'),('667lnber02o253eiq9lc8e5so7ko73uf','192.168.254.101',1490494718,'__ci_last_regenerate|i:1490494718;'),('6eljjl15a7bq4rujoum1pvepv82hjl45','::1',1490343710,'__ci_last_regenerate|i:1490343437;udata|a:1:{i:0;a:10:{s:3:\"uid\";s:1:\"1\";s:3:\"lid\";s:8:\"ca-admin\";s:5:\"lname\";s:5:\"Admin\";s:5:\"fname\";s:14:\"Admininstrator\";s:10:\"allowlogin\";s:1:\"1\";s:12:\"allowbilling\";s:1:\"1\";s:12:\"allowreserve\";s:1:\"1\";s:14:\"allowinventory\";s:1:\"1\";s:12:\"allowcashier\";s:1:\"1\";s:13:\"allowsettings\";s:1:\"1\";}}'),('6huk945odje5h0eic3baoh7hujpkvl34','::1',1490848361,'__ci_last_regenerate|i:1490848275;udata|a:1:{i:0;a:10:{s:3:\"uid\";s:1:\"1\";s:3:\"lid\";s:8:\"ca-admin\";s:5:\"lname\";s:5:\"Admin\";s:5:\"fname\";s:14:\"Admininstrator\";s:10:\"allowlogin\";s:1:\"1\";s:12:\"allowbilling\";s:1:\"1\";s:12:\"allowreserve\";s:1:\"1\";s:14:\"allowinventory\";s:1:\"1\";s:12:\"allowcashier\";s:1:\"1\";s:13:\"allowsettings\";s:1:\"1\";}}'),('6j1d66p9k1l44q700ksgn9o03biklk4t','::1',1490348620,'__ci_last_regenerate|i:1490348618;udata|a:1:{i:0;a:10:{s:3:\"uid\";s:1:\"1\";s:3:\"lid\";s:8:\"ca-admin\";s:5:\"lname\";s:5:\"Admin\";s:5:\"fname\";s:14:\"Admininstrator\";s:10:\"allowlogin\";s:1:\"1\";s:12:\"allowbilling\";s:1:\"1\";s:12:\"allowreserve\";s:1:\"1\";s:14:\"allowinventory\";s:1:\"1\";s:12:\"allowcashier\";s:1:\"1\";s:13:\"allowsettings\";s:1:\"1\";}}'),('728fbbo86lbv62ac18cm8lohs7b0a9p7','::1',1490342025,'__ci_last_regenerate|i:1490341922;udata|a:1:{i:0;a:10:{s:3:\"uid\";s:1:\"1\";s:3:\"lid\";s:8:\"ca-admin\";s:5:\"lname\";s:5:\"Admin\";s:5:\"fname\";s:14:\"Admininstrator\";s:10:\"allowlogin\";s:1:\"1\";s:12:\"allowbilling\";s:1:\"1\";s:12:\"allowreserve\";s:1:\"1\";s:14:\"allowinventory\";s:1:\"1\";s:12:\"allowcashier\";s:1:\"1\";s:13:\"allowsettings\";s:1:\"1\";}}'),('7ia4kbhb01bg7ujmtfufe7efuv8v1ko6','::1',1493164590,'__ci_last_regenerate|i:1493164579;udata|a:1:{i:0;a:10:{s:3:\"uid\";s:1:\"1\";s:3:\"lid\";s:8:\"ca-admin\";s:5:\"lname\";s:5:\"Admin\";s:5:\"fname\";s:14:\"Admininstrator\";s:10:\"allowlogin\";s:1:\"1\";s:12:\"allowbilling\";s:1:\"1\";s:12:\"allowreserve\";s:1:\"1\";s:14:\"allowinventory\";s:1:\"1\";s:12:\"allowcashier\";s:1:\"1\";s:13:\"allowsettings\";s:1:\"1\";}}'),('80fn70b614t584k53ulef52dful9r4t0','::1',1490278266,'__ci_last_regenerate|i:1490277965;udata|a:1:{i:0;a:10:{s:3:\"uid\";s:1:\"1\";s:3:\"lid\";s:8:\"ca-admin\";s:5:\"lname\";s:5:\"Admin\";s:5:\"fname\";s:14:\"Admininstrator\";s:10:\"allowlogin\";s:1:\"1\";s:12:\"allowbilling\";s:1:\"1\";s:12:\"allowreserve\";s:1:\"1\";s:14:\"allowinventory\";s:1:\"1\";s:12:\"allowcashier\";s:1:\"1\";s:13:\"allowsettings\";s:1:\"1\";}}'),('8ikqrgvkgbik0tekfrc8f853q9ioqa5q','::1',1490520886,'__ci_last_regenerate|i:1490520859;udata|a:1:{i:0;a:10:{s:3:\"uid\";s:1:\"1\";s:3:\"lid\";s:8:\"ca-admin\";s:5:\"lname\";s:5:\"Admin\";s:5:\"fname\";s:14:\"Admininstrator\";s:10:\"allowlogin\";s:1:\"1\";s:12:\"allowbilling\";s:1:\"1\";s:12:\"allowreserve\";s:1:\"1\";s:14:\"allowinventory\";s:1:\"1\";s:12:\"allowcashier\";s:1:\"1\";s:13:\"allowsettings\";s:1:\"1\";}}'),('8sd1utmblm0m998j7rm12k2lr66cngs2','::1',1490496373,'__ci_last_regenerate|i:1490496358;udata|a:1:{i:0;a:10:{s:3:\"uid\";s:1:\"1\";s:3:\"lid\";s:8:\"ca-admin\";s:5:\"lname\";s:5:\"Admin\";s:5:\"fname\";s:14:\"Admininstrator\";s:10:\"allowlogin\";s:1:\"1\";s:12:\"allowbilling\";s:1:\"1\";s:12:\"allowreserve\";s:1:\"1\";s:14:\"allowinventory\";s:1:\"1\";s:12:\"allowcashier\";s:1:\"1\";s:13:\"allowsettings\";s:1:\"1\";}}'),('8uahd2q5rl7v1m5ouqh936emlfibmaba','::1',1493893446,'__ci_last_regenerate|i:1493893446;'),('9a0am71vepbsalvno48dei573pnto5t9','::1',1490507585,'__ci_last_regenerate|i:1490507362;udata|a:1:{i:0;a:10:{s:3:\"uid\";s:1:\"1\";s:3:\"lid\";s:8:\"ca-admin\";s:5:\"lname\";s:5:\"Admin\";s:5:\"fname\";s:14:\"Admininstrator\";s:10:\"allowlogin\";s:1:\"1\";s:12:\"allowbilling\";s:1:\"1\";s:12:\"allowreserve\";s:1:\"1\";s:14:\"allowinventory\";s:1:\"1\";s:12:\"allowcashier\";s:1:\"1\";s:13:\"allowsettings\";s:1:\"1\";}}'),('9nsci5ihgoh7noeiq9suabphtad4luu7','::1',1490260092,'__ci_last_regenerate|i:1490260024;udata|a:1:{i:0;a:10:{s:3:\"uid\";s:1:\"1\";s:3:\"lid\";s:8:\"ca-admin\";s:5:\"lname\";s:5:\"Admin\";s:5:\"fname\";s:14:\"Admininstrator\";s:10:\"allowlogin\";s:1:\"1\";s:12:\"allowbilling\";s:1:\"1\";s:12:\"allowreserve\";s:1:\"1\";s:14:\"allowinventory\";s:1:\"1\";s:12:\"allowcashier\";s:1:\"1\";s:13:\"allowsettings\";s:1:\"1\";}}'),('9o3cpjmdkegqiqb9ce74f1g2518fdv5i','::1',1490336832,'__ci_last_regenerate|i:1490336712;udata|a:1:{i:0;a:10:{s:3:\"uid\";s:1:\"1\";s:3:\"lid\";s:8:\"ca-admin\";s:5:\"lname\";s:5:\"Admin\";s:5:\"fname\";s:14:\"Admininstrator\";s:10:\"allowlogin\";s:1:\"1\";s:12:\"allowbilling\";s:1:\"1\";s:12:\"allowreserve\";s:1:\"1\";s:14:\"allowinventory\";s:1:\"1\";s:12:\"allowcashier\";s:1:\"1\";s:13:\"allowsettings\";s:1:\"1\";}}'),('9vk7nldrevjbsutffaiq1eadj8bo534a','::1',1490858515,'__ci_last_regenerate|i:1490858328;udata|a:1:{i:0;a:10:{s:3:\"uid\";s:1:\"1\";s:3:\"lid\";s:8:\"ca-admin\";s:5:\"lname\";s:5:\"Admin\";s:5:\"fname\";s:14:\"Admininstrator\";s:10:\"allowlogin\";s:1:\"1\";s:12:\"allowbilling\";s:1:\"1\";s:12:\"allowreserve\";s:1:\"1\";s:14:\"allowinventory\";s:1:\"1\";s:12:\"allowcashier\";s:1:\"1\";s:13:\"allowsettings\";s:1:\"1\";}}'),('a1ur23m02ejkc0em6t8qre92i357jq52','::1',1490540162,'__ci_last_regenerate|i:1490539995;udata|a:1:{i:0;a:10:{s:3:\"uid\";s:1:\"1\";s:3:\"lid\";s:8:\"ca-admin\";s:5:\"lname\";s:5:\"Admin\";s:5:\"fname\";s:14:\"Admininstrator\";s:10:\"allowlogin\";s:1:\"1\";s:12:\"allowbilling\";s:1:\"1\";s:12:\"allowreserve\";s:1:\"1\";s:14:\"allowinventory\";s:1:\"1\";s:12:\"allowcashier\";s:1:\"1\";s:13:\"allowsettings\";s:1:\"1\";}}'),('ac202vi3vs4hbbd676rpovebo1mmrm2l','::1',1490326493,'__ci_last_regenerate|i:1490326492;udata|a:1:{i:0;a:10:{s:3:\"uid\";s:1:\"1\";s:3:\"lid\";s:8:\"ca-admin\";s:5:\"lname\";s:5:\"Admin\";s:5:\"fname\";s:14:\"Admininstrator\";s:10:\"allowlogin\";s:1:\"1\";s:12:\"allowbilling\";s:1:\"1\";s:12:\"allowreserve\";s:1:\"1\";s:14:\"allowinventory\";s:1:\"1\";s:12:\"allowcashier\";s:1:\"1\";s:13:\"allowsettings\";s:1:\"1\";}}'),('aigm641mg55mv3e875v6eqnkd2e15vgu','::1',1490524404,'__ci_last_regenerate|i:1490524402;udata|a:1:{i:0;a:10:{s:3:\"uid\";s:1:\"1\";s:3:\"lid\";s:8:\"ca-admin\";s:5:\"lname\";s:5:\"Admin\";s:5:\"fname\";s:14:\"Admininstrator\";s:10:\"allowlogin\";s:1:\"1\";s:12:\"allowbilling\";s:1:\"1\";s:12:\"allowreserve\";s:1:\"1\";s:14:\"allowinventory\";s:1:\"1\";s:12:\"allowcashier\";s:1:\"1\";s:13:\"allowsettings\";s:1:\"1\";}}'),('akddg1e499382spj44qa1tnh101bvpc0','::1',1490327785,'__ci_last_regenerate|i:1490327548;udata|a:1:{i:0;a:10:{s:3:\"uid\";s:1:\"1\";s:3:\"lid\";s:8:\"ca-admin\";s:5:\"lname\";s:5:\"Admin\";s:5:\"fname\";s:14:\"Admininstrator\";s:10:\"allowlogin\";s:1:\"1\";s:12:\"allowbilling\";s:1:\"1\";s:12:\"allowreserve\";s:1:\"1\";s:14:\"allowinventory\";s:1:\"1\";s:12:\"allowcashier\";s:1:\"1\";s:13:\"allowsettings\";s:1:\"1\";}}'),('bemu87vrq8eo5qulkf83r33rcdru396s','::1',1490258003,'__ci_last_regenerate|i:1490257709;udata|a:1:{i:0;a:10:{s:3:\"uid\";s:1:\"1\";s:3:\"lid\";s:8:\"ca-admin\";s:5:\"lname\";s:5:\"Admin\";s:5:\"fname\";s:14:\"Admininstrator\";s:10:\"allowlogin\";s:1:\"1\";s:12:\"allowbilling\";s:1:\"1\";s:12:\"allowreserve\";s:1:\"1\";s:14:\"allowinventory\";s:1:\"1\";s:12:\"allowcashier\";s:1:\"1\";s:13:\"allowsettings\";s:1:\"1\";}}'),('bilkh2u24kla7cdqapu7rs3car8pvak9','::1',1490343403,'__ci_last_regenerate|i:1490343106;udata|a:1:{i:0;a:10:{s:3:\"uid\";s:1:\"1\";s:3:\"lid\";s:8:\"ca-admin\";s:5:\"lname\";s:5:\"Admin\";s:5:\"fname\";s:14:\"Admininstrator\";s:10:\"allowlogin\";s:1:\"1\";s:12:\"allowbilling\";s:1:\"1\";s:12:\"allowreserve\";s:1:\"1\";s:14:\"allowinventory\";s:1:\"1\";s:12:\"allowcashier\";s:1:\"1\";s:13:\"allowsettings\";s:1:\"1\";}}'),('dbcb0b6fghg68aecnpj3nk44bmlvrfj9','::1',1490333029,'__ci_last_regenerate|i:1490332758;udata|a:1:{i:0;a:10:{s:3:\"uid\";s:1:\"1\";s:3:\"lid\";s:8:\"ca-admin\";s:5:\"lname\";s:5:\"Admin\";s:5:\"fname\";s:14:\"Admininstrator\";s:10:\"allowlogin\";s:1:\"1\";s:12:\"allowbilling\";s:1:\"1\";s:12:\"allowreserve\";s:1:\"1\";s:14:\"allowinventory\";s:1:\"1\";s:12:\"allowcashier\";s:1:\"1\";s:13:\"allowsettings\";s:1:\"1\";}}'),('denrrjquhui61eeniacs3r3tv3k51mn0','::1',1490359600,'__ci_last_regenerate|i:1490359578;udata|a:1:{i:0;a:10:{s:3:\"uid\";s:1:\"1\";s:3:\"lid\";s:8:\"ca-admin\";s:5:\"lname\";s:5:\"Admin\";s:5:\"fname\";s:14:\"Admininstrator\";s:10:\"allowlogin\";s:1:\"1\";s:12:\"allowbilling\";s:1:\"1\";s:12:\"allowreserve\";s:1:\"1\";s:14:\"allowinventory\";s:1:\"1\";s:12:\"allowcashier\";s:1:\"1\";s:13:\"allowsettings\";s:1:\"1\";}}'),('dfaivkusimsa23v153e2kc8v8omkbcq5','::1',1490361772,'__ci_last_regenerate|i:1490361662;udata|a:1:{i:0;a:10:{s:3:\"uid\";s:1:\"1\";s:3:\"lid\";s:8:\"ca-admin\";s:5:\"lname\";s:5:\"Admin\";s:5:\"fname\";s:14:\"Admininstrator\";s:10:\"allowlogin\";s:1:\"1\";s:12:\"allowbilling\";s:1:\"1\";s:12:\"allowreserve\";s:1:\"1\";s:14:\"allowinventory\";s:1:\"1\";s:12:\"allowcashier\";s:1:\"1\";s:13:\"allowsettings\";s:1:\"1\";}}'),('dhunmjf1jl528ta6df8eudecfqeo2ech','::1',1490344884,'__ci_last_regenerate|i:1490344652;udata|a:1:{i:0;a:10:{s:3:\"uid\";s:1:\"1\";s:3:\"lid\";s:8:\"ca-admin\";s:5:\"lname\";s:5:\"Admin\";s:5:\"fname\";s:14:\"Admininstrator\";s:10:\"allowlogin\";s:1:\"1\";s:12:\"allowbilling\";s:1:\"1\";s:12:\"allowreserve\";s:1:\"1\";s:14:\"allowinventory\";s:1:\"1\";s:12:\"allowcashier\";s:1:\"1\";s:13:\"allowsettings\";s:1:\"1\";}}'),('eoak6jgaq8f6kek6j0moi5125sae9a1l','::1',1490396810,'__ci_last_regenerate|i:1490396805;udata|a:1:{i:0;a:10:{s:3:\"uid\";s:1:\"1\";s:3:\"lid\";s:8:\"ca-admin\";s:5:\"lname\";s:5:\"Admin\";s:5:\"fname\";s:14:\"Admininstrator\";s:10:\"allowlogin\";s:1:\"1\";s:12:\"allowbilling\";s:1:\"1\";s:12:\"allowreserve\";s:1:\"1\";s:14:\"allowinventory\";s:1:\"1\";s:12:\"allowcashier\";s:1:\"1\";s:13:\"allowsettings\";s:1:\"1\";}}'),('esth8rgg1b00o9vr5te911392q0l32ed','::1',1490332073,'__ci_last_regenerate|i:1490332011;udata|a:1:{i:0;a:10:{s:3:\"uid\";s:1:\"1\";s:3:\"lid\";s:8:\"ca-admin\";s:5:\"lname\";s:5:\"Admin\";s:5:\"fname\";s:14:\"Admininstrator\";s:10:\"allowlogin\";s:1:\"1\";s:12:\"allowbilling\";s:1:\"1\";s:12:\"allowreserve\";s:1:\"1\";s:14:\"allowinventory\";s:1:\"1\";s:12:\"allowcashier\";s:1:\"1\";s:13:\"allowsettings\";s:1:\"1\";}}'),('f4t0pr2gmv2762460sfvbud75jepvn96','::1',1490535509,'__ci_last_regenerate|i:1490535213;udata|a:1:{i:0;a:10:{s:3:\"uid\";s:1:\"1\";s:3:\"lid\";s:8:\"ca-admin\";s:5:\"lname\";s:5:\"Admin\";s:5:\"fname\";s:14:\"Admininstrator\";s:10:\"allowlogin\";s:1:\"1\";s:12:\"allowbilling\";s:1:\"1\";s:12:\"allowreserve\";s:1:\"1\";s:14:\"allowinventory\";s:1:\"1\";s:12:\"allowcashier\";s:1:\"1\";s:13:\"allowsettings\";s:1:\"1\";}}'),('fh4jiuv06aiqghio4cb2fql00ikau5u2','::1',1490539137,'__ci_last_regenerate|i:1490538873;udata|a:1:{i:0;a:10:{s:3:\"uid\";s:1:\"1\";s:3:\"lid\";s:8:\"ca-admin\";s:5:\"lname\";s:5:\"Admin\";s:5:\"fname\";s:14:\"Admininstrator\";s:10:\"allowlogin\";s:1:\"1\";s:12:\"allowbilling\";s:1:\"1\";s:12:\"allowreserve\";s:1:\"1\";s:14:\"allowinventory\";s:1:\"1\";s:12:\"allowcashier\";s:1:\"1\";s:13:\"allowsettings\";s:1:\"1\";}}'),('fqvfh36qfebb9pt8dnl020h75ult3akl','::1',1490362434,'__ci_last_regenerate|i:1490362295;udata|a:1:{i:0;a:10:{s:3:\"uid\";s:1:\"1\";s:3:\"lid\";s:8:\"ca-admin\";s:5:\"lname\";s:5:\"Admin\";s:5:\"fname\";s:14:\"Admininstrator\";s:10:\"allowlogin\";s:1:\"1\";s:12:\"allowbilling\";s:1:\"1\";s:12:\"allowreserve\";s:1:\"1\";s:14:\"allowinventory\";s:1:\"1\";s:12:\"allowcashier\";s:1:\"1\";s:13:\"allowsettings\";s:1:\"1\";}}'),('gfrgv2sbo4qtqu5g8cc8s729pn2cvveg','192.168.254.101',1492684924,'__ci_last_regenerate|i:1492684923;'),('grd599tndesee63nbniollb5g9ku7t1s','::1',1490540722,'__ci_last_regenerate|i:1490540719;udata|a:1:{i:0;a:10:{s:3:\"uid\";s:1:\"1\";s:3:\"lid\";s:8:\"ca-admin\";s:5:\"lname\";s:5:\"Admin\";s:5:\"fname\";s:14:\"Admininstrator\";s:10:\"allowlogin\";s:1:\"1\";s:12:\"allowbilling\";s:1:\"1\";s:12:\"allowreserve\";s:1:\"1\";s:14:\"allowinventory\";s:1:\"1\";s:12:\"allowcashier\";s:1:\"1\";s:13:\"allowsettings\";s:1:\"1\";}}'),('i6hhmt5h05otlp2a9f112ef5slq5qt3a','::1',1490501562,'__ci_last_regenerate|i:1490501342;udata|a:1:{i:0;a:10:{s:3:\"uid\";s:1:\"1\";s:3:\"lid\";s:8:\"ca-admin\";s:5:\"lname\";s:5:\"Admin\";s:5:\"fname\";s:14:\"Admininstrator\";s:10:\"allowlogin\";s:1:\"1\";s:12:\"allowbilling\";s:1:\"1\";s:12:\"allowreserve\";s:1:\"1\";s:14:\"allowinventory\";s:1:\"1\";s:12:\"allowcashier\";s:1:\"1\";s:13:\"allowsettings\";s:1:\"1\";}}'),('ibnts4sh4rqltgrke1qkhrhasovlqs1v','::1',1490257251,'__ci_last_regenerate|i:1490257054;udata|a:1:{i:0;a:10:{s:3:\"uid\";s:1:\"1\";s:3:\"lid\";s:8:\"ca-admin\";s:5:\"lname\";s:5:\"Admin\";s:5:\"fname\";s:14:\"Admininstrator\";s:10:\"allowlogin\";s:1:\"1\";s:12:\"allowbilling\";s:1:\"1\";s:12:\"allowreserve\";s:1:\"1\";s:14:\"allowinventory\";s:1:\"1\";s:12:\"allowcashier\";s:1:\"1\";s:13:\"allowsettings\";s:1:\"1\";}}'),('ignssgfq22u8tl4ks58n10f4fiq1mno4','::1',1490851534,'__ci_last_regenerate|i:1490851287;udata|a:1:{i:0;a:10:{s:3:\"uid\";s:1:\"1\";s:3:\"lid\";s:8:\"ca-admin\";s:5:\"lname\";s:5:\"Admin\";s:5:\"fname\";s:14:\"Admininstrator\";s:10:\"allowlogin\";s:1:\"1\";s:12:\"allowbilling\";s:1:\"1\";s:12:\"allowreserve\";s:1:\"1\";s:14:\"allowinventory\";s:1:\"1\";s:12:\"allowcashier\";s:1:\"1\";s:13:\"allowsettings\";s:1:\"1\";}}'),('imlqs5470on6edf93842og06vqg0j8n2','192.168.254.102',1490495560,'__ci_last_regenerate|i:1490495560;'),('iocoq7kuduc55h5ivu5vedh1osj3i6ol','::1',1490327236,'__ci_last_regenerate|i:1490326997;udata|a:1:{i:0;a:10:{s:3:\"uid\";s:1:\"1\";s:3:\"lid\";s:8:\"ca-admin\";s:5:\"lname\";s:5:\"Admin\";s:5:\"fname\";s:14:\"Admininstrator\";s:10:\"allowlogin\";s:1:\"1\";s:12:\"allowbilling\";s:1:\"1\";s:12:\"allowreserve\";s:1:\"1\";s:14:\"allowinventory\";s:1:\"1\";s:12:\"allowcashier\";s:1:\"1\";s:13:\"allowsettings\";s:1:\"1\";}}'),('is5qlfotk1s6h6uv4lm67li00rcpnvrg','::1',1490328536,'__ci_last_regenerate|i:1490328234;udata|a:1:{i:0;a:10:{s:3:\"uid\";s:1:\"1\";s:3:\"lid\";s:8:\"ca-admin\";s:5:\"lname\";s:5:\"Admin\";s:5:\"fname\";s:14:\"Admininstrator\";s:10:\"allowlogin\";s:1:\"1\";s:12:\"allowbilling\";s:1:\"1\";s:12:\"allowreserve\";s:1:\"1\";s:14:\"allowinventory\";s:1:\"1\";s:12:\"allowcashier\";s:1:\"1\";s:13:\"allowsettings\";s:1:\"1\";}}'),('j5rmdh6oqgtr8r109nrtlo7rm2p6mn53','::1',1493286609,'__ci_last_regenerate|i:1493286607;'),('jbe2ikauu3llecu0ih9lr186os2ht4ig','::1',1490361294,'__ci_last_regenerate|i:1490360992;udata|a:1:{i:0;a:10:{s:3:\"uid\";s:1:\"1\";s:3:\"lid\";s:8:\"ca-admin\";s:5:\"lname\";s:5:\"Admin\";s:5:\"fname\";s:14:\"Admininstrator\";s:10:\"allowlogin\";s:1:\"1\";s:12:\"allowbilling\";s:1:\"1\";s:12:\"allowreserve\";s:1:\"1\";s:14:\"allowinventory\";s:1:\"1\";s:12:\"allowcashier\";s:1:\"1\";s:13:\"allowsettings\";s:1:\"1\";}}'),('jfu091fu81sk8c2a7s7udpmccqaunvn8','::1',1490851729,'__ci_last_regenerate|i:1490851726;udata|a:1:{i:0;a:10:{s:3:\"uid\";s:1:\"1\";s:3:\"lid\";s:8:\"ca-admin\";s:5:\"lname\";s:5:\"Admin\";s:5:\"fname\";s:14:\"Admininstrator\";s:10:\"allowlogin\";s:1:\"1\";s:12:\"allowbilling\";s:1:\"1\";s:12:\"allowreserve\";s:1:\"1\";s:14:\"allowinventory\";s:1:\"1\";s:12:\"allowcashier\";s:1:\"1\";s:13:\"allowsettings\";s:1:\"1\";}}'),('jpftkdpdijegul5f7uqdfuugkdgb6b8s','::1',1490524389,'__ci_last_regenerate|i:1490521317;udata|a:1:{i:0;a:10:{s:3:\"uid\";s:1:\"1\";s:3:\"lid\";s:8:\"ca-admin\";s:5:\"lname\";s:5:\"Admin\";s:5:\"fname\";s:14:\"Admininstrator\";s:10:\"allowlogin\";s:1:\"1\";s:12:\"allowbilling\";s:1:\"1\";s:12:\"allowreserve\";s:1:\"1\";s:14:\"allowinventory\";s:1:\"1\";s:12:\"allowcashier\";s:1:\"1\";s:13:\"allowsettings\";s:1:\"1\";}}'),('js5mj1r2okqfq8l4v7mas5u3dsbkffb7','::1',1490258170,'__ci_last_regenerate|i:1490258041;udata|a:1:{i:0;a:10:{s:3:\"uid\";s:1:\"1\";s:3:\"lid\";s:8:\"ca-admin\";s:5:\"lname\";s:5:\"Admin\";s:5:\"fname\";s:14:\"Admininstrator\";s:10:\"allowlogin\";s:1:\"1\";s:12:\"allowbilling\";s:1:\"1\";s:12:\"allowreserve\";s:1:\"1\";s:14:\"allowinventory\";s:1:\"1\";s:12:\"allowcashier\";s:1:\"1\";s:13:\"allowsettings\";s:1:\"1\";}}'),('k21d4v6ebv66836n1rfecs9p7pi5hqks','::1',1490395045,'__ci_last_regenerate|i:1490394926;udata|a:1:{i:0;a:10:{s:3:\"uid\";s:1:\"1\";s:3:\"lid\";s:8:\"ca-admin\";s:5:\"lname\";s:5:\"Admin\";s:5:\"fname\";s:14:\"Admininstrator\";s:10:\"allowlogin\";s:1:\"1\";s:12:\"allowbilling\";s:1:\"1\";s:12:\"allowreserve\";s:1:\"1\";s:14:\"allowinventory\";s:1:\"1\";s:12:\"allowcashier\";s:1:\"1\";s:13:\"allowsettings\";s:1:\"1\";}}'),('k24a9pb96dvftch8vba829puih8849ga','::1',1493893448,'__ci_last_regenerate|i:1493893446;'),('k9vhgusb924m9f8o1i1c24iokjvo3tie','::1',1491110463,'__ci_last_regenerate|i:1491110439;udata|a:1:{i:0;a:10:{s:3:\"uid\";s:1:\"1\";s:3:\"lid\";s:8:\"ca-admin\";s:5:\"lname\";s:5:\"Admin\";s:5:\"fname\";s:14:\"Admininstrator\";s:10:\"allowlogin\";s:1:\"1\";s:12:\"allowbilling\";s:1:\"1\";s:12:\"allowreserve\";s:1:\"1\";s:14:\"allowinventory\";s:1:\"1\";s:12:\"allowcashier\";s:1:\"1\";s:13:\"allowsettings\";s:1:\"1\";}}'),('kbdja1n15t0edfo9fpf7gps67cbvanfo','::1',1490372576,'__ci_last_regenerate|i:1490372561;udata|a:1:{i:0;a:10:{s:3:\"uid\";s:1:\"1\";s:3:\"lid\";s:8:\"ca-admin\";s:5:\"lname\";s:5:\"Admin\";s:5:\"fname\";s:14:\"Admininstrator\";s:10:\"allowlogin\";s:1:\"1\";s:12:\"allowbilling\";s:1:\"1\";s:12:\"allowreserve\";s:1:\"1\";s:14:\"allowinventory\";s:1:\"1\";s:12:\"allowcashier\";s:1:\"1\";s:13:\"allowsettings\";s:1:\"1\";}}'),('kjn9pq04dghooae3lvkn2ss5jbmjo3t1','::1',1490326364,'__ci_last_regenerate|i:1490326065;udata|a:1:{i:0;a:10:{s:3:\"uid\";s:1:\"1\";s:3:\"lid\";s:8:\"ca-admin\";s:5:\"lname\";s:5:\"Admin\";s:5:\"fname\";s:14:\"Admininstrator\";s:10:\"allowlogin\";s:1:\"1\";s:12:\"allowbilling\";s:1:\"1\";s:12:\"allowreserve\";s:1:\"1\";s:14:\"allowinventory\";s:1:\"1\";s:12:\"allowcashier\";s:1:\"1\";s:13:\"allowsettings\";s:1:\"1\";}}'),('ku71v3f4m0r8sin3unggb5etuk36slk5','::1',1490333637,'__ci_last_regenerate|i:1490333529;udata|a:1:{i:0;a:10:{s:3:\"uid\";s:1:\"1\";s:3:\"lid\";s:8:\"ca-admin\";s:5:\"lname\";s:5:\"Admin\";s:5:\"fname\";s:14:\"Admininstrator\";s:10:\"allowlogin\";s:1:\"1\";s:12:\"allowbilling\";s:1:\"1\";s:12:\"allowreserve\";s:1:\"1\";s:14:\"allowinventory\";s:1:\"1\";s:12:\"allowcashier\";s:1:\"1\";s:13:\"allowsettings\";s:1:\"1\";}}'),('l13j08apl33f979cn29he7sq5gd1mho3','::1',1490277932,'__ci_last_regenerate|i:1490277626;udata|a:1:{i:0;a:10:{s:3:\"uid\";s:1:\"1\";s:3:\"lid\";s:8:\"ca-admin\";s:5:\"lname\";s:5:\"Admin\";s:5:\"fname\";s:14:\"Admininstrator\";s:10:\"allowlogin\";s:1:\"1\";s:12:\"allowbilling\";s:1:\"1\";s:12:\"allowreserve\";s:1:\"1\";s:14:\"allowinventory\";s:1:\"1\";s:12:\"allowcashier\";s:1:\"1\";s:13:\"allowsettings\";s:1:\"1\";}}'),('l3nrbbop7u5lb39uih27e2fkurd32aau','::1',1491716599,'__ci_last_regenerate|i:1491716598;'),('llut5c1d4qhbiknlu6b0hkk0v6o9kgot','::1',1490360679,'__ci_last_regenerate|i:1490360674;udata|a:1:{i:0;a:10:{s:3:\"uid\";s:1:\"1\";s:3:\"lid\";s:8:\"ca-admin\";s:5:\"lname\";s:5:\"Admin\";s:5:\"fname\";s:14:\"Admininstrator\";s:10:\"allowlogin\";s:1:\"1\";s:12:\"allowbilling\";s:1:\"1\";s:12:\"allowreserve\";s:1:\"1\";s:14:\"allowinventory\";s:1:\"1\";s:12:\"allowcashier\";s:1:\"1\";s:13:\"allowsettings\";s:1:\"1\";}}'),('lndnktipi4mt10ksrv2s61sb4tii22n5','::1',1493356311,'udata|a:1:{i:0;a:10:{s:3:\"uid\";s:1:\"1\";s:3:\"lid\";s:8:\"ca-admin\";s:5:\"lname\";s:5:\"Admin\";s:5:\"fname\";s:14:\"Admininstrator\";s:10:\"allowlogin\";s:1:\"1\";s:12:\"allowbilling\";s:1:\"1\";s:12:\"allowreserve\";s:1:\"1\";s:14:\"allowinventory\";s:1:\"1\";s:12:\"allowcashier\";s:1:\"1\";s:13:\"allowsettings\";s:1:\"1\";}}__ci_last_regenerate|i:1493356310;'),('lo1ler4c80cf8b0fai02o25cg4ttet05','::1',1490349543,'__ci_last_regenerate|i:1490349477;udata|a:1:{i:0;a:10:{s:3:\"uid\";s:1:\"1\";s:3:\"lid\";s:8:\"ca-admin\";s:5:\"lname\";s:5:\"Admin\";s:5:\"fname\";s:14:\"Admininstrator\";s:10:\"allowlogin\";s:1:\"1\";s:12:\"allowbilling\";s:1:\"1\";s:12:\"allowreserve\";s:1:\"1\";s:14:\"allowinventory\";s:1:\"1\";s:12:\"allowcashier\";s:1:\"1\";s:13:\"allowsettings\";s:1:\"1\";}}'),('lviel8uht8nl7f900m7ao7t32e5lb28p','::1',1490362649,'__ci_last_regenerate|i:1490362628;udata|a:1:{i:0;a:10:{s:3:\"uid\";s:1:\"1\";s:3:\"lid\";s:8:\"ca-admin\";s:5:\"lname\";s:5:\"Admin\";s:5:\"fname\";s:14:\"Admininstrator\";s:10:\"allowlogin\";s:1:\"1\";s:12:\"allowbilling\";s:1:\"1\";s:12:\"allowreserve\";s:1:\"1\";s:14:\"allowinventory\";s:1:\"1\";s:12:\"allowcashier\";s:1:\"1\";s:13:\"allowsettings\";s:1:\"1\";}}'),('m35ub4fio4a345hfdnfr061e8p9fiqrq','::1',1490375678,'__ci_last_regenerate|i:1490375676;udata|a:1:{i:0;a:10:{s:3:\"uid\";s:1:\"1\";s:3:\"lid\";s:8:\"ca-admin\";s:5:\"lname\";s:5:\"Admin\";s:5:\"fname\";s:14:\"Admininstrator\";s:10:\"allowlogin\";s:1:\"1\";s:12:\"allowbilling\";s:1:\"1\";s:12:\"allowreserve\";s:1:\"1\";s:14:\"allowinventory\";s:1:\"1\";s:12:\"allowcashier\";s:1:\"1\";s:13:\"allowsettings\";s:1:\"1\";}}'),('n2g4mlk6c0b5os6k5f461dd9ju5palhi','::1',1490347110,'__ci_last_regenerate|i:1490347042;udata|a:1:{i:0;a:10:{s:3:\"uid\";s:1:\"1\";s:3:\"lid\";s:8:\"ca-admin\";s:5:\"lname\";s:5:\"Admin\";s:5:\"fname\";s:14:\"Admininstrator\";s:10:\"allowlogin\";s:1:\"1\";s:12:\"allowbilling\";s:1:\"1\";s:12:\"allowreserve\";s:1:\"1\";s:14:\"allowinventory\";s:1:\"1\";s:12:\"allowcashier\";s:1:\"1\";s:13:\"allowsettings\";s:1:\"1\";}}'),('n3u41hu0re9ognmd9jkhei6nr9ae2lmm','::1',1490328082,'__ci_last_regenerate|i:1490327884;udata|a:1:{i:0;a:10:{s:3:\"uid\";s:1:\"1\";s:3:\"lid\";s:8:\"ca-admin\";s:5:\"lname\";s:5:\"Admin\";s:5:\"fname\";s:14:\"Admininstrator\";s:10:\"allowlogin\";s:1:\"1\";s:12:\"allowbilling\";s:1:\"1\";s:12:\"allowreserve\";s:1:\"1\";s:14:\"allowinventory\";s:1:\"1\";s:12:\"allowcashier\";s:1:\"1\";s:13:\"allowsettings\";s:1:\"1\";}}'),('o132kffq6aoq24asia5jf4me895ggvd9','::1',1493286607,'__ci_last_regenerate|i:1493286606;'),('o6vnp7fmomk9c5p0eghfutdi9c9c7fr6','::1',1490502775,'__ci_last_regenerate|i:1490502505;udata|a:1:{i:0;a:10:{s:3:\"uid\";s:1:\"1\";s:3:\"lid\";s:8:\"ca-admin\";s:5:\"lname\";s:5:\"Admin\";s:5:\"fname\";s:14:\"Admininstrator\";s:10:\"allowlogin\";s:1:\"1\";s:12:\"allowbilling\";s:1:\"1\";s:12:\"allowreserve\";s:1:\"1\";s:14:\"allowinventory\";s:1:\"1\";s:12:\"allowcashier\";s:1:\"1\";s:13:\"allowsettings\";s:1:\"1\";}}'),('omoqbr9shst2s5mvltdft84fb42v3e8d','::1',1490520502,'__ci_last_regenerate|i:1490517419;udata|a:1:{i:0;a:10:{s:3:\"uid\";s:1:\"1\";s:3:\"lid\";s:8:\"ca-admin\";s:5:\"lname\";s:5:\"Admin\";s:5:\"fname\";s:14:\"Admininstrator\";s:10:\"allowlogin\";s:1:\"1\";s:12:\"allowbilling\";s:1:\"1\";s:12:\"allowreserve\";s:1:\"1\";s:14:\"allowinventory\";s:1:\"1\";s:12:\"allowcashier\";s:1:\"1\";s:13:\"allowsettings\";s:1:\"1\";}}'),('opn0pvduoj92pe13qqknj0s5lmq31m1i','::1',1490330819,'__ci_last_regenerate|i:1490330534;udata|a:1:{i:0;a:10:{s:3:\"uid\";s:1:\"1\";s:3:\"lid\";s:8:\"ca-admin\";s:5:\"lname\";s:5:\"Admin\";s:5:\"fname\";s:14:\"Admininstrator\";s:10:\"allowlogin\";s:1:\"1\";s:12:\"allowbilling\";s:1:\"1\";s:12:\"allowreserve\";s:1:\"1\";s:14:\"allowinventory\";s:1:\"1\";s:12:\"allowcashier\";s:1:\"1\";s:13:\"allowsettings\";s:1:\"1\";}}'),('oqf7sl742vn5lpp4o1hbgmglhu18gb5k','::1',1490516811,'__ci_last_regenerate|i:1490516498;udata|a:1:{i:0;a:10:{s:3:\"uid\";s:1:\"1\";s:3:\"lid\";s:8:\"ca-admin\";s:5:\"lname\";s:5:\"Admin\";s:5:\"fname\";s:14:\"Admininstrator\";s:10:\"allowlogin\";s:1:\"1\";s:12:\"allowbilling\";s:1:\"1\";s:12:\"allowreserve\";s:1:\"1\";s:14:\"allowinventory\";s:1:\"1\";s:12:\"allowcashier\";s:1:\"1\";s:13:\"allowsettings\";s:1:\"1\";}}'),('p0h89cv2sqtm7oodc6fkdii3kefl47lq','::1',1490276634,'__ci_last_regenerate|i:1490276324;udata|a:1:{i:0;a:10:{s:3:\"uid\";s:1:\"1\";s:3:\"lid\";s:8:\"ca-admin\";s:5:\"lname\";s:5:\"Admin\";s:5:\"fname\";s:14:\"Admininstrator\";s:10:\"allowlogin\";s:1:\"1\";s:12:\"allowbilling\";s:1:\"1\";s:12:\"allowreserve\";s:1:\"1\";s:14:\"allowinventory\";s:1:\"1\";s:12:\"allowcashier\";s:1:\"1\";s:13:\"allowsettings\";s:1:\"1\";}}'),('p8vrjquj0k3al5ufea40f7porsk81jjd','::1',1494220516,'__ci_last_regenerate|i:1494220513;'),('pdo2lk1a2r16a3c50lj9aqqdqh34cr66','::1',1490325399,'__ci_last_regenerate|i:1490325282;udata|a:1:{i:0;a:10:{s:3:\"uid\";s:1:\"1\";s:3:\"lid\";s:8:\"ca-admin\";s:5:\"lname\";s:5:\"Admin\";s:5:\"fname\";s:14:\"Admininstrator\";s:10:\"allowlogin\";s:1:\"1\";s:12:\"allowbilling\";s:1:\"1\";s:12:\"allowreserve\";s:1:\"1\";s:14:\"allowinventory\";s:1:\"1\";s:12:\"allowcashier\";s:1:\"1\";s:13:\"allowsettings\";s:1:\"1\";}}'),('r0c3a3p5ao5km1ifc3g6pqv7klnjur3i','::1',1490959405,'__ci_last_regenerate|i:1490959395;udata|a:1:{i:0;a:10:{s:3:\"uid\";s:1:\"1\";s:3:\"lid\";s:8:\"ca-admin\";s:5:\"lname\";s:5:\"Admin\";s:5:\"fname\";s:14:\"Admininstrator\";s:10:\"allowlogin\";s:1:\"1\";s:12:\"allowbilling\";s:1:\"1\";s:12:\"allowreserve\";s:1:\"1\";s:14:\"allowinventory\";s:1:\"1\";s:12:\"allowcashier\";s:1:\"1\";s:13:\"allowsettings\";s:1:\"1\";}}'),('r1efhbeaclor3lktej1vlr8jni4v8lkf','::1',1491106004,'__ci_last_regenerate|i:1491105950;udata|a:1:{i:0;a:10:{s:3:\"uid\";s:1:\"1\";s:3:\"lid\";s:8:\"ca-admin\";s:5:\"lname\";s:5:\"Admin\";s:5:\"fname\";s:14:\"Admininstrator\";s:10:\"allowlogin\";s:1:\"1\";s:12:\"allowbilling\";s:1:\"1\";s:12:\"allowreserve\";s:1:\"1\";s:14:\"allowinventory\";s:1:\"1\";s:12:\"allowcashier\";s:1:\"1\";s:13:\"allowsettings\";s:1:\"1\";}}'),('rekqu6n6qne2ava8j29h609pjb326n63','::1',1490394841,'__ci_last_regenerate|i:1490394609;udata|a:1:{i:0;a:10:{s:3:\"uid\";s:1:\"1\";s:3:\"lid\";s:8:\"ca-admin\";s:5:\"lname\";s:5:\"Admin\";s:5:\"fname\";s:14:\"Admininstrator\";s:10:\"allowlogin\";s:1:\"1\";s:12:\"allowbilling\";s:1:\"1\";s:12:\"allowreserve\";s:1:\"1\";s:14:\"allowinventory\";s:1:\"1\";s:12:\"allowcashier\";s:1:\"1\";s:13:\"allowsettings\";s:1:\"1\";}}'),('rfq6b6d0c0hmgbh7v7acg7bc993sk2h8','::1',1490337148,'__ci_last_regenerate|i:1490337146;udata|a:1:{i:0;a:10:{s:3:\"uid\";s:1:\"1\";s:3:\"lid\";s:8:\"ca-admin\";s:5:\"lname\";s:5:\"Admin\";s:5:\"fname\";s:14:\"Admininstrator\";s:10:\"allowlogin\";s:1:\"1\";s:12:\"allowbilling\";s:1:\"1\";s:12:\"allowreserve\";s:1:\"1\";s:14:\"allowinventory\";s:1:\"1\";s:12:\"allowcashier\";s:1:\"1\";s:13:\"allowsettings\";s:1:\"1\";}}'),('rhq9b5rtte5e9bb2dvoeinlpi1clj8d9','::1',1490361642,'__ci_last_regenerate|i:1490361346;udata|a:1:{i:0;a:10:{s:3:\"uid\";s:1:\"1\";s:3:\"lid\";s:8:\"ca-admin\";s:5:\"lname\";s:5:\"Admin\";s:5:\"fname\";s:14:\"Admininstrator\";s:10:\"allowlogin\";s:1:\"1\";s:12:\"allowbilling\";s:1:\"1\";s:12:\"allowreserve\";s:1:\"1\";s:14:\"allowinventory\";s:1:\"1\";s:12:\"allowcashier\";s:1:\"1\";s:13:\"allowsettings\";s:1:\"1\";}}'),('s3q1v2p8b402gn3d1pftioubl8j4pmc9','::1',1490341822,'__ci_last_regenerate|i:1490341574;udata|a:1:{i:0;a:10:{s:3:\"uid\";s:1:\"1\";s:3:\"lid\";s:8:\"ca-admin\";s:5:\"lname\";s:5:\"Admin\";s:5:\"fname\";s:14:\"Admininstrator\";s:10:\"allowlogin\";s:1:\"1\";s:12:\"allowbilling\";s:1:\"1\";s:12:\"allowreserve\";s:1:\"1\";s:14:\"allowinventory\";s:1:\"1\";s:12:\"allowcashier\";s:1:\"1\";s:13:\"allowsettings\";s:1:\"1\";}}'),('soa7p5k5do74rnp5u3ehjseahkjvms16','::1',1493356310,'udata|a:1:{i:0;a:10:{s:3:\"uid\";s:1:\"1\";s:3:\"lid\";s:8:\"ca-admin\";s:5:\"lname\";s:5:\"Admin\";s:5:\"fname\";s:14:\"Admininstrator\";s:10:\"allowlogin\";s:1:\"1\";s:12:\"allowbilling\";s:1:\"1\";s:12:\"allowreserve\";s:1:\"1\";s:14:\"allowinventory\";s:1:\"1\";s:12:\"allowcashier\";s:1:\"1\";s:13:\"allowsettings\";s:1:\"1\";}}__ci_last_regenerate|i:1493356310;'),('spdmrmtj1p92j9dtqstcosudqlif2ai8','::1',1490343989,'__ci_last_regenerate|i:1490343904;udata|a:1:{i:0;a:10:{s:3:\"uid\";s:1:\"1\";s:3:\"lid\";s:8:\"ca-admin\";s:5:\"lname\";s:5:\"Admin\";s:5:\"fname\";s:14:\"Admininstrator\";s:10:\"allowlogin\";s:1:\"1\";s:12:\"allowbilling\";s:1:\"1\";s:12:\"allowreserve\";s:1:\"1\";s:14:\"allowinventory\";s:1:\"1\";s:12:\"allowcashier\";s:1:\"1\";s:13:\"allowsettings\";s:1:\"1\";}}'),('tbo9vqfa6vfldjouhi4n93fp8pkgu8fu','::1',1490333405,'__ci_last_regenerate|i:1490333118;udata|a:1:{i:0;a:10:{s:3:\"uid\";s:1:\"1\";s:3:\"lid\";s:8:\"ca-admin\";s:5:\"lname\";s:5:\"Admin\";s:5:\"fname\";s:14:\"Admininstrator\";s:10:\"allowlogin\";s:1:\"1\";s:12:\"allowbilling\";s:1:\"1\";s:12:\"allowreserve\";s:1:\"1\";s:14:\"allowinventory\";s:1:\"1\";s:12:\"allowcashier\";s:1:\"1\";s:13:\"allowsettings\";s:1:\"1\";}}'),('tcnp2gu0h8tldqj8k1f0lh6bckpniej4','::1',1490278535,'__ci_last_regenerate|i:1490278309;udata|a:1:{i:0;a:10:{s:3:\"uid\";s:1:\"1\";s:3:\"lid\";s:8:\"ca-admin\";s:5:\"lname\";s:5:\"Admin\";s:5:\"fname\";s:14:\"Admininstrator\";s:10:\"allowlogin\";s:1:\"1\";s:12:\"allowbilling\";s:1:\"1\";s:12:\"allowreserve\";s:1:\"1\";s:14:\"allowinventory\";s:1:\"1\";s:12:\"allowcashier\";s:1:\"1\";s:13:\"allowsettings\";s:1:\"1\";}}'),('tjk6ieqs0blog99briln5hshuprdo2dc','::1',1490329095,'__ci_last_regenerate|i:1490328950;udata|a:1:{i:0;a:10:{s:3:\"uid\";s:1:\"1\";s:3:\"lid\";s:8:\"ca-admin\";s:5:\"lname\";s:5:\"Admin\";s:5:\"fname\";s:14:\"Admininstrator\";s:10:\"allowlogin\";s:1:\"1\";s:12:\"allowbilling\";s:1:\"1\";s:12:\"allowreserve\";s:1:\"1\";s:14:\"allowinventory\";s:1:\"1\";s:12:\"allowcashier\";s:1:\"1\";s:13:\"allowsettings\";s:1:\"1\";}}'),('u6qed277cr5297ch6058m3ak9qto90k7','::1',1490344535,'__ci_last_regenerate|i:1490344285;udata|a:1:{i:0;a:10:{s:3:\"uid\";s:1:\"1\";s:3:\"lid\";s:8:\"ca-admin\";s:5:\"lname\";s:5:\"Admin\";s:5:\"fname\";s:14:\"Admininstrator\";s:10:\"allowlogin\";s:1:\"1\";s:12:\"allowbilling\";s:1:\"1\";s:12:\"allowreserve\";s:1:\"1\";s:14:\"allowinventory\";s:1:\"1\";s:12:\"allowcashier\";s:1:\"1\";s:13:\"allowsettings\";s:1:\"1\";}}'),('ue5kc3t1qnl5ge70lsq1fsvbq0694b5p','::1',1490337672,'__ci_last_regenerate|i:1490337596;udata|a:1:{i:0;a:10:{s:3:\"uid\";s:1:\"1\";s:3:\"lid\";s:8:\"ca-admin\";s:5:\"lname\";s:5:\"Admin\";s:5:\"fname\";s:14:\"Admininstrator\";s:10:\"allowlogin\";s:1:\"1\";s:12:\"allowbilling\";s:1:\"1\";s:12:\"allowreserve\";s:1:\"1\";s:14:\"allowinventory\";s:1:\"1\";s:12:\"allowcashier\";s:1:\"1\";s:13:\"allowsettings\";s:1:\"1\";}}'),('ugpuqjmcn818gqhsi6een9rkt96bq79m','::1',1490539936,'__ci_last_regenerate|i:1490539592;udata|a:1:{i:0;a:10:{s:3:\"uid\";s:1:\"1\";s:3:\"lid\";s:8:\"ca-admin\";s:5:\"lname\";s:5:\"Admin\";s:5:\"fname\";s:14:\"Admininstrator\";s:10:\"allowlogin\";s:1:\"1\";s:12:\"allowbilling\";s:1:\"1\";s:12:\"allowreserve\";s:1:\"1\";s:14:\"allowinventory\";s:1:\"1\";s:12:\"allowcashier\";s:1:\"1\";s:13:\"allowsettings\";s:1:\"1\";}}'),('uu9gd3ti3ljpvtf13q2e80k6bjui5ll7','::1',1490539463,'__ci_last_regenerate|i:1490539236;udata|a:1:{i:0;a:10:{s:3:\"uid\";s:1:\"1\";s:3:\"lid\";s:8:\"ca-admin\";s:5:\"lname\";s:5:\"Admin\";s:5:\"fname\";s:14:\"Admininstrator\";s:10:\"allowlogin\";s:1:\"1\";s:12:\"allowbilling\";s:1:\"1\";s:12:\"allowreserve\";s:1:\"1\";s:14:\"allowinventory\";s:1:\"1\";s:12:\"allowcashier\";s:1:\"1\";s:13:\"allowsettings\";s:1:\"1\";}}'),('vj1cq9a0g7dgbotsgoj49fp44q2s5gn9','::1',1490333979,'__ci_last_regenerate|i:1490333950;udata|a:1:{i:0;a:10:{s:3:\"uid\";s:1:\"1\";s:3:\"lid\";s:8:\"ca-admin\";s:5:\"lname\";s:5:\"Admin\";s:5:\"fname\";s:14:\"Admininstrator\";s:10:\"allowlogin\";s:1:\"1\";s:12:\"allowbilling\";s:1:\"1\";s:12:\"allowreserve\";s:1:\"1\";s:14:\"allowinventory\";s:1:\"1\";s:12:\"allowcashier\";s:1:\"1\";s:13:\"allowsettings\";s:1:\"1\";}}'),('vl17tr1dcojhvhbj6fjm5vo0iu803bj4','::1',1490346811,'__ci_last_regenerate|i:1490346688;udata|a:1:{i:0;a:10:{s:3:\"uid\";s:1:\"1\";s:3:\"lid\";s:8:\"ca-admin\";s:5:\"lname\";s:5:\"Admin\";s:5:\"fname\";s:14:\"Admininstrator\";s:10:\"allowlogin\";s:1:\"1\";s:12:\"allowbilling\";s:1:\"1\";s:12:\"allowreserve\";s:1:\"1\";s:14:\"allowinventory\";s:1:\"1\";s:12:\"allowcashier\";s:1:\"1\";s:13:\"allowsettings\";s:1:\"1\";}}'),('vpu5jisovvf06kkpkn71tj8goc6p8fer','::1',1490494915,'__ci_last_regenerate|i:1490494914;udata|a:1:{i:0;a:10:{s:3:\"uid\";s:1:\"1\";s:3:\"lid\";s:8:\"ca-admin\";s:5:\"lname\";s:5:\"Admin\";s:5:\"fname\";s:14:\"Admininstrator\";s:10:\"allowlogin\";s:1:\"1\";s:12:\"allowbilling\";s:1:\"1\";s:12:\"allowreserve\";s:1:\"1\";s:14:\"allowinventory\";s:1:\"1\";s:12:\"allowcashier\";s:1:\"1\";s:13:\"allowsettings\";s:1:\"1\";}}');

/* Procedure structure for procedure `sp_bookingsummary` */

/*!50003 DROP PROCEDURE IF EXISTS  `sp_bookingsummary` */;

DELIMITER $$

/*!50003 CREATE DEFINER=`root`@`localhost` PROCEDURE `sp_bookingsummary`(
	df date,
	dt date
)
begin
	select 	a.id as bkid, a.`createdbyid`, concat(e.`firstname`, ' ', e.`lastname`) as cashier,
			c.`typedesc` as acctype, d.`roomdesc` as acc,
			concat(g.`firstname`, ' ', g.`lastname`) as guest,
			case a.`isovernight` when true then 'Night Time' else 'Day Time' end as actime,
			case when a.`bkstat` = true then 'Active' else 'Checked Out' end as bstat,
			ifnull(sum(b.`itemqty`), 0) as qtysold, ifnull(sum(b.`itemamt`),0) as totalitemsales, 
			ifnull(sum(b1.`itemqty`), 0) as qtyguests, ifnull(sum(b1.`itemamt`),0) as totalsalesinguests,
			ifnull(sum(b2.`itemqty`), 0) as qtyacc, ifnull(sum(b2.`itemamt`),0) as totalsalesinacc,
			ifnull(sum(f.`refundamt`), 0) as refund
	from 			`ca_booking` 		as a
		left  join 	`ca_booking_items`	as b on a.`id` = b.`bkid` and b.`itemtype` in (3)
		left  join 	`ca_booking_items`	as b1 on a.`id` = b1.`bkid` and b1.`itemtype` in (2)
		left  join  `ca_booking_items`  as b2 on a.`id` = b2.`bkid` and b2.`itemtype` in (1)
		inner join	`ca_roomtype`		as c on a.`rmtypeid` = c.`id`
		inner join 	`ca_rooms`			as d on a.`roomid` = d.`id`
		inner join 	`ca_users`			as e on a.`createdbyid` = e.`id`
		left  join 	`ca_itemsforrefund` as f on a.`id` = f.`bkid`
		inner join 	`ca_guest_info`		as g on a.`guestid` = g.`id`
	where a.`bkstat` = false
	  and a.`datecreated` between df and dt
	group by a.`id`, a.`roomid`;
end */$$
DELIMITER ;

/* Procedure structure for procedure `sp_checkout` */

/*!50003 DROP PROCEDURE IF EXISTS  `sp_checkout` */;

DELIMITER $$

/*!50003 CREATE DEFINER=`root`@`localhost` PROCEDURE `sp_checkout`(
	bid bigint,
	cid bigint
)
begin
	update `ca_booking` 
	set `bkstat` = false, `modifiedbyid` = cid, `datemodified` = now()
	where `id` = bid;
end */$$
DELIMITER ;

/* Procedure structure for procedure `sp_companyprofile` */

/*!50003 DROP PROCEDURE IF EXISTS  `sp_companyprofile` */;

DELIMITER $$

/*!50003 CREATE DEFINER=`root`@`localhost` PROCEDURE `sp_companyprofile`(
	c1 varchar(100),
	c2 varchar(200),
	c3 varchar(100),
	c4 varchar(20),
	c5 text,
	c6 blob
)
begin
	declare cocnt int;
	
	set cocnt = (select count(`id`) from `ca_company_profile`);
	
	if cocnt = 0 then
		insert into `ca_company_profile` 
			(`coname`, `coaddr`, `conumb`, `cotin`, `coprops`, `cologo`)
		values
			(c1, c2, c3, c4, c5, c6);
	else
		update `ca_company_profile` 
		set `coname` = c1, `coaddr` = c2, `conumb` = c3, `cotin` = c4, `coprops` = c5, `cologo` = c6
		where `id` = 1;
	end if;
		
end */$$
DELIMITER ;

/* Procedure structure for procedure `sp_getaccommodationfortransfer` */

/*!50003 DROP PROCEDURE IF EXISTS  `sp_getaccommodationfortransfer` */;

DELIMITER $$

/*!50003 CREATE DEFINER=`root`@`localhost` PROCEDURE `sp_getaccommodationfortransfer`(
	rtid bigint,
	rid bigint,
	isovn bit
)
begin
	select 	a.`id` as rid,
			a.`roomdesc`,
			case isovn when true then b.`overnight` when false then b.`regular` else 0 end as roomrate
	from 			`ca_rooms` 		as a
		inner join 	`ca_room_rates` as b on a.`typeid` = b.`rmtypeid`
	where a.`id` not in ( select `roomid` from `ca_booking` where `rmtypeid` = rtid and `bkstat` = true )
	  and a.`typeid` = rtid
	  and a.`id` = rid;
end */$$
DELIMITER ;

/* Procedure structure for procedure `sp_getaccommodationinfo` */

/*!50003 DROP PROCEDURE IF EXISTS  `sp_getaccommodationinfo` */;

DELIMITER $$

/*!50003 CREATE DEFINER=`root`@`localhost` PROCEDURE `sp_getaccommodationinfo`(rid bigint)
begin
	select 	c.`regtimein`, c.`regtimeout`, c.`ovntimein`, c.`ovntimeout`,
			case when curtime() >= c.`regtimein` and curtime() <= c.`regtimeout` then 0
				 when curtime() >= c.`ovntimein` or curtime() <= c.`ovntimeout` then 1
				 else 2
			end as ratebasis,
			case when curtime() >= c.`regtimein` and curtime() <= c.`regtimeout` then c.`regular`
				 when curtime() >= c.`ovntimein` or curtime() <= c.`ovntimeout` then c.`overnight`
				 else `extension`
			end as rate,
			a.`capacity`,
			case when curtime() >= c.`regtimein` and curtime() <= c.`regtimeout` then '1900-01-01 08:00:00'
				 when curtime() >= c.`ovntimein` or curtime() <= c.`ovntimeout` then '1900-01-01 19:00:00'
				 else curtime()
			end as timefrom,
			case when curtime() >= c.`regtimein` and curtime() <= c.`regtimeout` then '1900-01-01 17:00:00'
				 when curtime() >= c.`ovntimein` or curtime() <= c.`ovntimeout` then '1900-01-01 05:00:00'
				 else curtime()
			end as timeto
			/*
			case when curtime() between c.`regtimein` and c.`regtimeout` then concat('1900-01-01 ', c.`regtimein`)
				 when curtime() between c.`ovntimein` and c.`ovntimeout` then concat('1900-01-01 ' ,c.`ovntimein`)
				 else curtime()
			end as timefrom,
			case when curtime() between c.`regtimein` and c.`regtimeout` then concat('1900-01-01 ', c.`regtimeout`)
				 when curtime() between c.`ovntimein` and c.`ovntimeout` then concat('1900-01-01 ',c.`ovntimeout`)
				 else curtime()
			end as timeto
			*/
	from 			`ca_rooms` 		as a
		inner join 	`ca_roomtype` 	as b on a.`typeid` = b.`id`
		inner join 	`ca_room_rates`	as c on b.`id` = c.`rmtypeid`
	where b.`recstatus` = true
	  and a.`id` = rid;
end */$$
DELIMITER ;

/* Procedure structure for procedure `sp_getaccommodations` */

/*!50003 DROP PROCEDURE IF EXISTS  `sp_getaccommodations` */;

DELIMITER $$

/*!50003 CREATE DEFINER=`root`@`localhost` PROCEDURE `sp_getaccommodations`(rtid bigint)
begin
	select 0 as rid, '- Select Accommodation -' as rdesc
	union all
	select `id` as rid, `roomdesc` as rdesc
	from 			`ca_rooms`
	where `recstatus` = true
	  and `id` not in (select `roomid` from `ca_booking` where `rmtypeid` = rtid and `bkstat` = true)
	  and `typeid` = rtid;
end */$$
DELIMITER ;

/* Procedure structure for procedure `sp_getaccommodationtypes` */

/*!50003 DROP PROCEDURE IF EXISTS  `sp_getaccommodationtypes` */;

DELIMITER $$

/*!50003 CREATE DEFINER=`root`@`localhost` PROCEDURE `sp_getaccommodationtypes`()
begin
	select 0 as rtid, '- Select Accommodation Type -' as rtdesc
	union all
	select `id` as rtid, `typedesc` as rtdesc
	from `ca_roomtype`
	where `recstatus` = true;
end */$$
DELIMITER ;

/* Procedure structure for procedure `sp_getactivebookings` */

/*!50003 DROP PROCEDURE IF EXISTS  `sp_getactivebookings` */;

DELIMITER $$

/*!50003 CREATE DEFINER=`root`@`localhost` PROCEDURE `sp_getactivebookings`(sp text)
begin
	if length(sp) = 0 then
		/*
		select 	a.`id` as bkid,
				concat(b.`lastname`, ", ", b.`firstname`, case length(trim(both from b.`middlename`)) when 0 then "" else concat(" ", substring(b.`middlename`,1,1),".") end )  as guestname,
				c.`roomdesc` as room,
				f.qty,
				f.bcqty,
				case when count(e.`ispaid`) > 0 then true else false end as unpaid,
				case a.`isovernight` when true then 
					case when curtime() > d.`ovntimeout` then true else false end
				else
					case when curtime() > d.`regtimeout` then true else false end
				end as timeout,
				case 
					when f.`bcqty` < (a.`guesta` + a.`guestc` + a.`guestc2`)
						then (a.`guesta` + a.`guestc` + a.`guestc2`) - f.`bcqty`
					else f.`bcqty` - (a.`guesta` + a.`guestc` + a.`guestc2`)
				end as bctoissue
				
		from 			`ca_booking` 			as a
			inner join 	`ca_guest_info`   	as b on a.`guestid` = b.`id`
			inner join 	`ca_rooms`			as c on a.`roomid` = c.`id`
			inner join  `ca_room_rates`		as d on c.`typeid` = d.`rmtypeid`
			left  join  `ca_booking_items`	as e on a.`id` = e.`bkid` and e.`ispaid` = false
			inner join  (select cbi.`bkid`, sum(cbi.`itemqty`) as qty, ifnull(cbg.qty, 0) as bcqty
						from 			`ca_booking_items` as cbi
							left join	(select bkid, count(bkid) as qty from `ca_booking_guest` group by bkid) as cbg on cbi.`bkid` = cbg.`bkid`
						where cbi.`itemtype` = 2 
						  and cbi.`ispaid` = true
						group by cbi.`bkid`) as f on a.`id` = f.`bkid`
		where a.`bkstat` = true
		group by a.`id`, e.`ispaid`;
		*/
		select 	a.`id` as bkid,
				concat(b.`lastname`, ", ", b.`firstname`, case length(trim(both from b.`middlename`)) when 0 then "" else concat(" ", substring(b.`middlename`,1,1),".") end )  as guestname,
				c.`roomdesc` as room,
				(a.`guesta` + a.`guestc` + a.`guestc2`) as qty,
				ifnull(f.bcqty, 0) as bcqty,
				case when count(e.`ispaid`) > 0 then true else false end as unpaid,
				case a.`isovernight` when true then 
					case when curtime() > d.`ovntimeout` then true else false end
				else
					case when curtime() > d.`regtimeout` then true else false end
				end as timeout,
				ifnull(case 
					when f.`bcqty` < (a.`guesta` + a.`guestc` + a.`guestc2`)
						then (a.`guesta` + a.`guestc` + a.`guestc2`) - f.`bcqty`
					else f.`bcqty` - (a.`guesta` + a.`guestc` + a.`guestc2`)
				end, 0) as bctoissue,
				ifnull(g.`served`, 0) as served,
				ifnull(g.`inqueue`, 0) as inqueue
		from 			`ca_booking` 			as a
			inner join 	`ca_guest_info`   	as b on a.`guestid` = b.`id`
			inner join 	`ca_rooms`			as c on a.`roomid` = c.`id`
			inner join  `ca_room_rates`		as d on c.`typeid` = d.`rmtypeid`
			left  join  `ca_booking_items`	as e on a.`id` = e.`bkid` and e.`ispaid` = false
			left join  (select cbi.`bkid`, sum(cbi.`itemqty`) as qty, ifnull(cbg.qty, 0) as bcqty
						from 			`ca_booking_items` as cbi
							left join	(select bkid, count(bkid) as qty from `ca_booking_guest` group by bkid) as cbg on cbi.`bkid` = cbg.`bkid`
						where cbi.`itemtype` = 2 
						  and cbi.`ispaid` = true
						group by cbi.`bkid`) as f on a.`id` = f.`bkid`
			left join 	`ca_serving_board` as g on a.`id` = g.`bkid`
		where a.`bkstat` = true
		group by a.`id`, e.`ispaid`;
	else
		select 	a.`id` as bkid,
				concat(b.`lastname`, ", ", b.`firstname`, case length(trim(both from b.`middlename`)) when 0 then "" else concat(" ", substring(b.`middlename`,1,1),".") end )  as guestname,
				c.`roomdesc` as room,
				(a.`guesta` + a.`guestc` + a.`guestc2`) as qty,
				ifnull(f.bcqty, 0) as bcqty,
				case when count(e.`ispaid`) > 0 then true else false end as unpaid,
				case a.`isovernight` when true then 
					case when curtime() > d.`ovntimeout` then true else false end
				else
					case when curtime() > d.`regtimeout` then true else false end
				end as timeout,
				ifnull(case 
					when f.`bcqty` < (a.`guesta` + a.`guestc` + a.`guestc2`)
						then (a.`guesta` + a.`guestc` + a.`guestc2`) - f.`bcqty`
					else f.`bcqty` - (a.`guesta` + a.`guestc` + a.`guestc2`)
				end, 0) as bctoissue,
				ifnull(g.`served`, 0) as served,
				ifnull(g.`inqueue`, 0) as inqueue
		from 			`ca_booking` 			as a
			inner join 	`ca_guest_info`   	as b on a.`guestid` = b.`id`
			inner join 	`ca_rooms`			as c on a.`roomid` = c.`id`
			inner join  `ca_room_rates`		as d on c.`typeid` = d.`rmtypeid`
			left  join  `ca_booking_items`	as e on a.`id` = e.`bkid` and e.`ispaid` = false
			left  join  (select cbi.`bkid`, sum(cbi.`itemqty`) as qty, ifnull(cbg.qty, 0) as bcqty
						 from 			`ca_booking_items` as cbi
							 left join	(select bkid, count(bkid) as qty from `ca_booking_guest` group by bkid) as cbg on cbi.`bkid` = cbg.`bkid`
						 where cbi.`itemtype` = 2 
						   and cbi.`ispaid` = true
						 group by cbi.`bkid`) as f on a.`id` = f.`bkid`
			left join 	`ca_serving_board` as g on a.`id` = g.`bkid`
		where a.`bkstat` = true
		  and (b.`lastname` like concat('%', sp, '%')
		   or  b.`firstname` like concat('%', sp, '%')
		   or  c.`roomdesc` like concat('%', sp, '%'))
		group by a.`id`, e.`ispaid`;	
	end if;
end */$$
DELIMITER ;

/* Procedure structure for procedure `sp_getbclogs` */

/*!50003 DROP PROCEDURE IF EXISTS  `sp_getbclogs` */;

DELIMITER $$

/*!50003 CREATE DEFINER=`root`@`localhost` PROCEDURE `sp_getbclogs`(bc varchar(25))
begin
	
	declare empcnt int;
	declare guestcnt int;
	
	set empcnt = (select count(`id`) from `ca_users` where `barcodeid` = bc);
	set guestcnt = (select count(`id`) from `ca_booking_guest` where `bcid` = bc and now() < `expdate`);
	
	if empcnt > 0 then
		select 0 as bkid, false as entryflag, false as exitflag, '2100-12-31 00:00:00' as expdate;
	else
		select `bkid`, `entryflag`, `exitflag`, `expdate` 
		from `ca_booking_guest` 
		where `bcid` = bc
		  and now() < `expdate`;	
	end if;
	
end */$$
DELIMITER ;

/* Procedure structure for procedure `sp_getbookinginfo` */

/*!50003 DROP PROCEDURE IF EXISTS  `sp_getbookinginfo` */;

DELIMITER $$

/*!50003 CREATE DEFINER=`root`@`localhost` PROCEDURE `sp_getbookinginfo`(
	bid bigint
)
begin
	select 	a.id as bkid,
			a.`rmtypeid` as rtid,
			a.`roomid` as rid,
			concat(b.`lastname`, ', ', b.`firstname`) as guestname,
			c.`roomdesc` as room,
			case a.`isovernight` 
				when true then 'Night Rate'
				when false then 'Daytime Rate'
				else '--'
			end as ratebase,
			case a.`isovernight`
				when true then d.`overnight`
				when false then d.`regular`
				else 0
			end as roomrate,
			a.`isovernight`,
			(a.`guesta` + a.`guestc` + `guestc2`) as gcount
	from 			`ca_booking` 	as a
		inner join	`ca_guest_info` as b on a.`guestid` = b.`id`
		inner join 	`ca_rooms`		as c on a.`roomid` = c.`id`
		inner join	`ca_room_rates` as d on a.`rmtypeid` = d.`rmtypeid`
	where a.`id` = bid;
end */$$
DELIMITER ;

/* Procedure structure for procedure `sp_getcompanyprofile` */

/*!50003 DROP PROCEDURE IF EXISTS  `sp_getcompanyprofile` */;

DELIMITER $$

/*!50003 CREATE DEFINER=`root`@`localhost` PROCEDURE `sp_getcompanyprofile`()
begin
	select `id`, `coname`, `coaddr`, `conumb`, `cotin`, `coprops`, `cologo`
	from `ca_company_profile`
	where `id` = 1;
end */$$
DELIMITER ;

/* Procedure structure for procedure `sp_getentryfee` */

/*!50003 DROP PROCEDURE IF EXISTS  `sp_getentryfee` */;

DELIMITER $$

/*!50003 CREATE DEFINER=`root`@`localhost` PROCEDURE `sp_getentryfee`()
begin
	SELECT	`id` AS rateid,
		`gtype` AS guesttype,
		CASE WHEN CURTIME() <= dto AND CURTIME() >= dfrom THEN 'Daytime Rate'
		     WHEN CURTIME() <= nto OR CURTIME() >= nfrom THEN 'Night Time Rate'
			 ELSE 'Floating Rate'
		END AS appliedrate,
		CASE WHEN CURTIME() <= dto AND CURTIME() >= dfrom THEN `dayrate`
		     WHEN CURTIME() <= nto OR CURTIME() >= nfrom THEN `nightrate`
		     ELSE 0
		END AS rate
	FROM `ca_guest_rates`;
end */$$
DELIMITER ;

/* Procedure structure for procedure `sp_getinventoryreport` */

/*!50003 DROP PROCEDURE IF EXISTS  `sp_getinventoryreport` */;

DELIMITER $$

/*!50003 CREATE DEFINER=`root`@`localhost` PROCEDURE `sp_getinventoryreport`(
	pstart datetime,
	pend datetime
)
begin
	
	select 	a.`id` as bkid,
			d.`id` as uid,
			concat(d.`loginid`, ' : ', d.`lastname`, ', ', d.`firstname`) as uname,
			c.`typeid` as itid,
			e.`typedesc` as itdesc,
			c.`id` as iid,
			c.`itemdesc` as idesc,
			b.`iqty` as qty,
			b.`iprice` as ip, 
			b.`isubtotal` as ist
	from 			`ca_booking` 		as a
		inner join 	`ca_invitems_out` 	as b on a.`id` = b.`bkid`
		inner join 	`ca_invitems` 		as c on b.`itemid` = c.`id`
		inner join 	`ca_users`			as d on a.`createdbyid` = d.`id`
		inner join 	`ca_invtypes`		as e on c.`typeid` = e.`id`
	where a.`bkstat`= false
	  and a.`datecreated` between pstart and pend;
		
end */$$
DELIMITER ;

/* Procedure structure for procedure `sp_getiteminfo` */

/*!50003 DROP PROCEDURE IF EXISTS  `sp_getiteminfo` */;

DELIMITER $$

/*!50003 CREATE DEFINER=`root`@`localhost` PROCEDURE `sp_getiteminfo`(
	iid bigint
)
begin
	select `id`, `typeid`, `itemcode`, `itemdesc`, `price`, `withdeposit`, `depositamt`, `itemstat`
	from `ca_invitems`
	where `id` = iid;
end */$$
DELIMITER ;

/* Procedure structure for procedure `sp_getitems` */

/*!50003 DROP PROCEDURE IF EXISTS  `sp_getitems` */;

DELIMITER $$

/*!50003 CREATE DEFINER=`root`@`localhost` PROCEDURE `sp_getitems`(
	itype bigint
)
begin
	select 0 as id, '- Select an Item -' as itemdesc
	union all
	select `id`, `itemdesc`
	from `ca_invitems`
	where `itemstat` = true
	  and `typeid` = itype;
end */$$
DELIMITER ;

/* Procedure structure for procedure `sp_getitemsforpayment` */

/*!50003 DROP PROCEDURE IF EXISTS  `sp_getitemsforpayment` */;

DELIMITER $$

/*!50003 CREATE DEFINER=`root`@`localhost` PROCEDURE `sp_getitemsforpayment`(
	bid bigint
)
begin
	select `id`, `bkid`, `itemtype`, `itemdesc`, `itemqty`, `itemamt`
	from `ca_booking_items`
	where `bkid` = bid
	  and `ispaid` = false;
end */$$
DELIMITER ;

/* Procedure structure for procedure `sp_getitemtypes` */

/*!50003 DROP PROCEDURE IF EXISTS  `sp_getitemtypes` */;

DELIMITER $$

/*!50003 CREATE DEFINER=`root`@`localhost` PROCEDURE `sp_getitemtypes`()
begin
	select 0 as id, '- Select an Item Type -' as typedesc
	union all
	select `id`, `typedesc` from `ca_invtypes` where `typestat` = true;
end */$$
DELIMITER ;

/* Procedure structure for procedure `sp_getnextguestonqueue` */

/*!50003 DROP PROCEDURE IF EXISTS  `sp_getnextguestonqueue` */;

DELIMITER $$

/*!50003 CREATE DEFINER=`root`@`localhost` PROCEDURE `sp_getnextguestonqueue`()
begin
	select	a.`bkid`, upper(concat(case c.`salutation` 
								when 0 then 'Mr. '
								when 1 then 'Ms. '
								when 2 then 'Mrs. '
								else 'Mr. '
							 end, c.`firstname`, ' ', c.`lastname`)) as guestname 
	from 			`ca_serving_board` 	as a
		inner join 	`ca_booking` 		as b on a.`bkid` = b.`id`
		inner join 	`ca_guest_info` 	as c on b.`guestid` = c.`id`
	where a.`served` = false
	  and a.`inqueue` = true
	order by a.`datecreated` asc
	limit 1;
end */$$
DELIMITER ;

/* Procedure structure for procedure `sp_getportsetting` */

/*!50003 DROP PROCEDURE IF EXISTS  `sp_getportsetting` */;

DELIMITER $$

/*!50003 CREATE DEFINER=`root`@`localhost` PROCEDURE `sp_getportsetting`()
begin
	select 	`portid`, `portname`, `baudid`, `baudnm`, `databitid`, `databitnm`,
			`stopbitid`, `stopbitnm`, `parityid`, `paritynm`, `handshakeid`, `handshakenm`,
			`txdelay`, `txdelaynm`
	from `ca_portsettings`
	where `id` = 1;
end */$$
DELIMITER ;

/* Procedure structure for procedure `sp_getregisteredguests` */

/*!50003 DROP PROCEDURE IF EXISTS  `sp_getregisteredguests` */;

DELIMITER $$

/*!50003 CREATE DEFINER=`root`@`localhost` PROCEDURE `sp_getregisteredguests`(gid bigint, searchparam varchar(100))
begin
	if searchparam = '' then
		if gid = 0 then
			select 	`id`, concat(`lastname`, ', ', `firstname`) as guestname,
					`salutation`, `lastname`, `firstname`, `middlename`, `address`, `email`, `landline`, `mobile`
			from `ca_guest_info`
			order by `lastname`, `firstname` asc;		
		else
			select 	`id`, concat(`lastname`, ', ', `firstname`) as guestname,
					`salutation`, `lastname`, `firstname`, `middlename`, `address`, `email`, `landline`, `mobile`
			from `ca_guest_info`
			where `id` = gid;
		end if;		
	else
		select 	`id`, concat(`lastname`, ', ', `firstname`) as guestname,
			`salutation`, `lastname`, `firstname`, `middlename`, `address`, `email`, `landline`, `mobile`
		from `ca_guest_info`
		where (`lastname` like concat('%', searchparam,'%')
		   or `firstname` like concat('%', searchparam,'%'))
		order by concat(`lastname`, ', ', `firstname`) asc;
	end if;
end */$$
DELIMITER ;

/* Procedure structure for procedure `sp_getreservations` */

/*!50003 DROP PROCEDURE IF EXISTS  `sp_getreservations` */;

DELIMITER $$

/*!50003 CREATE DEFINER=`root`@`localhost` PROCEDURE `sp_getreservations`(
	restype int,
	sparam text
)
begin
	select	a.`id` as rsid,
		concat((case d.`salutation` 
					when 0 then 'Mr. '
					when 1 then 'Ms. '
					when 2 then 'Mrs. '
					else ''
				end), 
				d.`firstname`, ' ', d.`lastname`) as guestname,
		c.`roomdesc` as actype,
		date_format(a.`rsdate`, '%Y/%m/%d') as resdate,
		case when a.`balance` > 0 then false else true end as ispaid,
		case a.`rsvstatus`
			when 0 then 'Active/Pending'
			when 1 then 'Cancelled'
			when 2 then 'Booked'
			else 'Unknown'
		end as rstatus,
		a.`downpayment`,
		a.`balance`,
		a.`remarks`,
		a.`isovernight`,
		a.`estguestcnt`,
		concat(e.`firstname`, ' ', e.`lastname`) as personnel		
	from 			`ca_reservation`	as a
		inner join	`ca_roomtype`		as b on a.`rmtypeid` = b.`id`
		inner join 	`ca_rooms`			as c on a.`roomid` = c.`id`
		inner join 	`ca_guest_info`		as d on a.`guestid` = d.`id`
		inner join 	`ca_users`			as e on a.`createdbyid` = e.`id`
	where a.`rsvstatus` = restype
	  and (d.`lastname` like concat('%', sparam, '%')
	   or  d.`firstname` like concat('%', sparam, '%')
	   or  c.`roomdesc` like concat('%', sparam, '%'))
	order by a.`rsdate` desc;
end */$$
DELIMITER ;

/* Procedure structure for procedure `sp_getunpaidguest` */

/*!50003 DROP PROCEDURE IF EXISTS  `sp_getunpaidguest` */;

DELIMITER $$

/*!50003 CREATE DEFINER=`root`@`localhost` PROCEDURE `sp_getunpaidguest`(
	bid bigint
)
begin
	select ifnull(Sum(`itemqty`), 0) as itemqty 
	from ca_booking_items 
	where itemtype = 2 
	  and ispaid = 0
	  and `bkid` = bid;
end */$$
DELIMITER ;

/* Procedure structure for procedure `sp_getunservedqueues` */

/*!50003 DROP PROCEDURE IF EXISTS  `sp_getunservedqueues` */;

DELIMITER $$

/*!50003 CREATE DEFINER=`root`@`localhost` PROCEDURE `sp_getunservedqueues`(stype bit)
begin
	select	a.`id` as svcid,
			concat(case c.`salutation` 
						when 0 then 'Mr. '
						when 1 then 'Mrs. '
						when 2 then 'Ms. '
						else 'Mr. '
					end, c.`firstname`, ' ', c.`lastname`) as guestname,
			a.`message`,
			a.`isserved`,
			ifnull(case when a.`datecreated` = a.`datemodified` then null else a.`datemodified` end, '') as svcdt,
			ifnull(concat(d.`firstname`, ' ', d.`lastname`), 'Open') as servedby,
			time_to_sec(timediff(a.`datecreated`, a.`datemodified`))/ 60 as svcduration
	from 			`ca_queue_served` 	as a
		inner join 	`ca_booking` 	  	as b on a.`bid` = b.`id`
		inner join 	`ca_guest_info`		as c on a.`guestid` = c.`id`
		left join 	`ca_users`			as d on a.`modifiedbyid` = d.`id`
	where a.`isserved` = stype;
end */$$
DELIMITER ;

/* Procedure structure for procedure `sp_getuserroles` */

/*!50003 DROP PROCEDURE IF EXISTS  `sp_getuserroles` */;

DELIMITER $$

/*!50003 CREATE DEFINER=`root`@`localhost` PROCEDURE `sp_getuserroles`()
begin
	select 0 as id, '- Select a User Role -' as roledesc
	union all
	select `id`, `roledesc` from `ca_user_roles` where `rolestat` = true;
end */$$
DELIMITER ;

/* Procedure structure for procedure `sp_inventoryreport` */

/*!50003 DROP PROCEDURE IF EXISTS  `sp_inventoryreport` */;

DELIMITER $$

/*!50003 CREATE DEFINER=`root`@`localhost` PROCEDURE `sp_inventoryreport`(
	df date,
	dt date
)
begin
	select 	a.id as bkid, c.`itemdesc`,
			ifnull(sum(b.`itemqty`), 0) as qtysold, ifnull(sum(b.`itemamt`),0) as totalitemsales
	from 			`ca_booking` 		as a
		inner join 	`ca_booking_items`	as b on a.`id` = b.`bkid`
		inner join 	`ca_invitems` 		as c on b.`itemid` = c.`id`
	where a.`bkstat` = false
	  and a.`datecreated` between df and dt
	group by b.`itemid`;
end */$$
DELIMITER ;

/* Procedure structure for procedure `sp_logpass` */

/*!50003 DROP PROCEDURE IF EXISTS  `sp_logpass` */;

DELIMITER $$

/*!50003 CREATE DEFINER=`root`@`localhost` PROCEDURE `sp_logpass`(bc varchar(25), logtype bit, utype int )
begin
	if logtype = false then
		if utype = 0 then
			insert into `ca_pass_logs`
				(`bkid`, `bcid`, `logtype`, `logdatetime`)
			values
				(0, bc, logtype, now());		
		else
			update `ca_booking_guest` set `entryflag` = true where `bcid` = bc;
			
			insert into `ca_pass_logs`
				(`bkid`, `bcid`, `logtype`, `logdatetime`)
			select `bkid`, `bcid`, 0, now()
			from `ca_booking_guest`
			where `bcid` = bc;
		end if;
		
	elseif logtype = true then
		if utype = 0 then
			insert into `ca_pass_logs`
				(`bkid`, `bcid`, `logtype`, `logdatetime`)
			values
				(0, bc, logtype, now());
		else
			update `ca_booking_guest` set `exitflag` = true where `bcid` = bc;
			
			insert into `ca_pass_logs`
				(`bkid`, `bcid`, `logtype`, `logdatetime`)
			select `bkid`, `bcid`, 1, now()
			from `ca_booking_guest`
			where `bcid` = bc;		
		end if; 
	else
		select 'Nothing to do here.';
	end if;
	
		
	
end */$$
DELIMITER ;

/* Procedure structure for procedure `sp_registerbooking` */

/*!50003 DROP PROCEDURE IF EXISTS  `sp_registerbooking` */;

DELIMITER $$

/*!50003 CREATE DEFINER=`root`@`localhost` PROCEDURE `sp_registerbooking`(
	bktype int,
	rsid bigint,
	gid bigint,
	rtid bigint,
	rid bigint,
	rrate double(10,2),
	ga int,
	gc int,
	gc0 int,
	isovn bit,
	g0 int,
	g1 varchar(50),
	g2 varchar(50),
	g3 varchar(50),
	g4 text,
	g5 varchar(100),
	g6 varchar(25),
	g7 varchar(50),
	cid bigint
)
begin
	declare newgid bigint;
	declare bid bigint;
	
	-- Guest Information
	if gid = 0 then
		insert into `ca_guest_info`
			(`salutation`, `lastname`, `firstname`, `middlename`, `address`, `email`, `landline`, `mobile`, `datecreated`, `createdbyid`)
		values
			(g0, g1, g2, g3, g4, g5, g6, g7, now(), cid);
		set newgid = (select distinct last_insert_id() from `ca_guest_info`);
	else
		set newgid = gid;
	end if;
	
	-- Booking
	insert into `ca_booking`
		(`bksrctypeid`, `rsvid`, `guestid`, `rmtypeid`, `roomid`, `rmrate`, `guesta`, `guestc`, `guestc2`, `isovernight`, `bkstat`, `createdbyid`, `datecreated`)
	values
		(bktype, rsid, newgid, rtid, rid, rrate, ga, gc, gc0, isovn, true, cid, now());
	
	set bid = (select distinct last_insert_id() from `ca_booking`);
	
	-- Queue Serve
	insert into `ca_queue_served` 
		(`bid`, `guestid`, `message`, `isserved`, `createdbyid`, `datecreated`)
	select 	bid, newgid, concat('Prepare : ', c.`roomdesc`, ' for guest Sir/Ma\'am ', concat(`lastname`, ', ',`firstname`)) as msg,
			false, cid, now()
	from 			`ca_booking` 	as a
		inner join	`ca_guest_info` as b on a.`guestid` = b.`id`
		inner join 	`ca_rooms`		as c on a.`roomid` = c.`id`
	where a.`id` = bid;
	
	-- Serving Board
	insert into ca_serving_board
		(`bkid`, `served`, `createdbyid`, `datecreated`)
	values
		(bid, false, cid, now());
	
	-- Accommodation
		insert into `ca_booking_items`
			(`bkid`, `itemtype`, `itemdesc`, `itemqty`, `itemamt`, `ispaid`, `createdbyid`, `datecreated`)
		select 	bid, 1, a.`roomdesc`, 1, 
				case isovn 
					when true then `overnight`
					when false then `regular`
					else 0
				end,
				false,
				cid,
				now()
		from 			`ca_rooms` 		as a
			inner join 	`ca_room_rates` as b on a.`typeid` = `rmtypeid`
		where a.`id` = rid
		  and a.`typeid` = rtid;
		
	-- Guests
	
	if ga > 0 then
		insert into `ca_booking_items`
			(`bkid`, `itemtype`, `itemdesc`, `itemqty`, `itemamt`, `ispaid`, `createdbyid`, `datecreated`)
		select 	bid, 2, 'Entrance Fee (Adult)', ga, 
				case isovn 
					when true then `nightrate` * ga
					when false then `dayrate` * ga
					else 0
				end,
				false,
				cid,
				now()
		from `ca_guest_rates`
		where id = 1;
	end if;
	
	if gc > 0 then
		insert into `ca_booking_items`
			(`bkid`, `itemtype`, `itemdesc`, `itemqty`, `itemamt`, `ispaid`, `createdbyid`, `datecreated`)
		select 	bid, 2, 'Entrance Fee (Senior Citizen / PWD)', gc, 
				case isovn 
					when true then `nightrate` * gc
					when false then `dayrate` * gc
					else 0
				end,
				false,
				cid,
				now()
		from `ca_guest_rates`
		where id = 2;
	end if;
	
	if gc0 > 0 then
		insert into `ca_booking_items`
			(`bkid`, `itemtype`, `itemdesc`, `itemqty`, `itemamt`, `ispaid`, `createdbyid`, `datecreated`)
		select 	bid, 2, 'Entrance Fee (Children below 4ft)', gc0, 
				case isovn 
					when true then `nightrate` * gc0
					when false then `dayrate` * gc0
					else 0
				end,
				false,
				cid,
				now()
		from `ca_guest_rates`
		where id = 3;
	end if;	
end */$$
DELIMITER ;

/* Procedure structure for procedure `sp_registerresortpasses` */

/*!50003 DROP PROCEDURE IF EXISTS  `sp_registerresortpasses` */;

DELIMITER $$

/*!50003 CREATE DEFINER=`root`@`localhost` PROCEDURE `sp_registerresortpasses`(
	bid bigint,
	bcw varchar(20),
	cid bigint
)
begin
	declare passexists int;
	declare isovn bit;
	
	set passexists = (select count(`id`) from `ca_booking_guest` where `bcid` = bcw);
	set isovn = (select `isovernight` from `ca_booking` where `id` = bid);
	
	if passexists = 0 then
		insert into `ca_booking_guest` 
			(`bkid`, `bcid`, `timein`, `entryflag`, `exitflag`, `expdate`,`createdbyid`, `datecreated`)
		values
			(bid, 
			 bcw, 
			 date_format(now(),'%H:%i:%s'), 
			 false, 
			 false, 
			 case isovn 
				when 0 then concat(date_format(now(), '%Y-%m-%d'), ' 17:00:00')
				when 1 then 
					case when curtime() > '05:00:00' then concat(date_format(date_add(now(), interval 1 day),'%Y-%m-%d'),' 05:00:00')
					     when curtime() >= '00:00:00' then concat(date_format(now(), '%Y-%m-%d'), ' 05:00:00')
						 else concat(date_format(date_add(now(), interval 1 day),'%Y-%m-%d'),' 05:00:00')
					end
				else now()
			 end, 
			 cid, 
			 now());
	end if;
end */$$
DELIMITER ;

/* Procedure structure for procedure `sp_reportperaccommodation` */

/*!50003 DROP PROCEDURE IF EXISTS  `sp_reportperaccommodation` */;

DELIMITER $$

/*!50003 CREATE DEFINER=`root`@`localhost` PROCEDURE `sp_reportperaccommodation`(
	df date,
	dt date
)
begin
	select 	a.id as bkid, c.`typedesc` as acctype, d.`roomdesc` as acc,
			ifnull(sum(b.`itemqty`), 0) as qtysold, ifnull(sum(b.`itemamt`),0) as totalitemsales, 
			ifnull(sum(b1.`itemqty`), 0) as qtyguests, ifnull(sum(b1.`itemamt`),0) as totalsalesinguests
	from 			`ca_booking` 		as a
		left  join 	`ca_booking_items`	as b on a.`id` = b.`bkid` and b.`itemtype` in (3)
		left  join 	`ca_booking_items`	as b1 on a.`id` = b1.`bkid` and b1.`itemtype` in (2)
		inner join	`ca_roomtype`		as c on a.`rmtypeid` = c.`id`
		inner join 	`ca_rooms`			as d on a.`roomid` = d.`id`
	where a.`bkstat` = false
	  and a.`datecreated` between df and dt
	group by a.`rmtypeid`, a.`roomid`;
end */$$
DELIMITER ;

/* Procedure structure for procedure `sp_reportpercashier` */

/*!50003 DROP PROCEDURE IF EXISTS  `sp_reportpercashier` */;

DELIMITER $$

/*!50003 CREATE DEFINER=`root`@`localhost` PROCEDURE `sp_reportpercashier`(
	df date,
	dt date
)
begin
	select 	a.id as bkid, a.`createdbyid`, concat(e.`firstname`, ' ', e.`lastname`) as cashier,
			c.`typedesc` as acctype, d.`roomdesc` as acc,
			ifnull(sum(b.`itemqty`), 0) as qtysold, ifnull(sum(b.`itemamt`),0) as totalitemsales, 
			ifnull(sum(b1.`itemqty`), 0) as qtyguests, ifnull(sum(b1.`itemamt`),0) as totalsalesinguests,
			ifnull(sum(b2.`itemqty`), 0) as qtyacc, ifnull(sum(b2.`itemamt`),0) as totalsalesinacc
	from 			`ca_booking` 		as a
		left  join 	`ca_booking_items`	as b on a.`id` = b.`bkid` and b.`itemtype` in (3)
		left  join 	`ca_booking_items`	as b1 on a.`id` = b1.`bkid` and b1.`itemtype` in (2)
		left  join  `ca_booking_items`  as b2 on a.`id` = b2.`bkid` and b2.`itemtype` in (1)
		inner join	`ca_roomtype`		as c on a.`rmtypeid` = c.`id`
		inner join 	`ca_rooms`			as d on a.`roomid` = d.`id`
		inner join 	`ca_users`			as e on a.`createdbyid` = e.`id`
	where a.`bkstat` = false
	  and a.`datecreated` between df and dt
	group by a.`createdbyid`, a.`roomid`;
end */$$
DELIMITER ;

/* Procedure structure for procedure `sp_saveportsetting` */

/*!50003 DROP PROCEDURE IF EXISTS  `sp_saveportsetting` */;

DELIMITER $$

/*!50003 CREATE DEFINER=`root`@`localhost` PROCEDURE `sp_saveportsetting`(
	p1 bigint,
	p2 varchar(50),
	p3 bigint,
	p4 varchar(10),
	
	p5 bigint,
	p6 varchar(50),
	p7 bigint,
	p8 varchar(50),
	
	p9 bigint,
	p10 varchar(50),
	p11 bigint,
	p12 varchar(50),
	
	p13 bigint,
	p14 varchar(50)
)
begin
	
	declare setcnt int;
	
	set setcnt = (select count(`id`) sid from `ca_portsettings`);
	
	if setcnt > 0 then
		update `ca_portsettings`
		set `portid` = p1, 
			`portname` = p2,
			`baudid` = p3,
			`baudnm` = p4,
			`databitid` = p5,
			`databitnm` = p6,
			`stopbitid` = p7,
			`stopbitnm` = p8,
			`parityid` = p9,
			`paritynm` = p10,
			`handshakeid` = p11,
			`handshakenm` = p12,
			`txdelay` = p13,
			`txdelaynm` = p14
		where `id` = 1;
	else
		insert into `ca_portsettings`
			(`portid`, `portname`, `baudid`, `baudnm`, `databitid`, `databitnm`, `stopbitid`, `stopbitnm`, `parityid`, `paritynm`, `handshakeid`, `handshakenm`, `txdelay`, `txdelaynm`)
		values
			(p1, p2, p3, p4, p5, p6, p7, p8, p9, p10, p11, p12, p13, p14);
	end if;
end */$$
DELIMITER ;

/* Procedure structure for procedure `sp_settlepayment` */

/*!50003 DROP PROCEDURE IF EXISTS  `sp_settlepayment` */;

DELIMITER $$

/*!50003 CREATE DEFINER=`root`@`localhost` PROCEDURE `sp_settlepayment`(
	bid bigint
)
begin
	update `ca_booking_items`
	set `ispaid` = true
	where `bkid` = bid
	  and `ispaid` = false;
end */$$
DELIMITER ;

/* Procedure structure for procedure `sp_tranaccommodationrates` */

/*!50003 DROP PROCEDURE IF EXISTS  `sp_tranaccommodationrates` */;

DELIMITER $$

/*!50003 CREATE DEFINER=`root`@`localhost` PROCEDURE `sp_tranaccommodationrates`(
	rtype int,
	rtid bigint,
	r1 decimal(10,2),
	r2 time,
	r3 time,
	r4 decimal(10,2),
	r5 time,
	r6 time,
	r7 decimal(10,2),
	r8 time,
	r9 time,
	r10 decimal(10,2),
	r11 int,
	cid bigint
)
begin
	declare rec_exist int;
	
	
	if rtype = 0 then		-- Add
		set rec_exist = (select count(`id`) 
						 from `ca_room_rates`
						 where `rmtypeid` = rtid
						 );	
	
		if rec_exist = 0 then
			insert into `ca_room_rates`
				(`rmtypeid`, `regular`, `regtimein`, `regtimeout`, `overnight`, `ovntimein`, `ovntimeout`,
				 `daynight`, `daynightin`, `daynightout`, `extension`, `extratebase`,
				 `datecreated`, `createdbyid`)
			values
				(rtid, r1, r2, r3, r4, r5, r6, r7, r8, r9, r10, r11, now(), cid);
		else
			update `ca_room_rates`
			set	`regular` = r1 , `regtimein` = r2, `regtimeout` = r3, 
				`overnight` = r4, `ovntimein` = r5, `ovntimeout` = r6,
				`daynight` = r7, `daynightin` = r8, `daynightout` = r9, 
				`extension` = r10, `extratebase` = r11,
				`datemodified` = now(), `modifiedbyid` = cid
			where `rmtypeid` = rtid;
		end if;
	
	elseif rtype = 1 then	-- Update
		select 'Nothing to do here.';
	
	elseif rtype = 2 then	-- Delete
		select 'Nothing to do here.';
				
	elseif rtype = 3 then	-- Load Information
		select 	`id`, `rmtypeid`, `regular`, `regtimein`, `regtimeout`,
				`overnight`, `ovntimein`, `ovntimeout`,
				`daynight`, `daynightin`, `daynightout`,
				`extension`, `extratebase`		
		from `ca_room_rates`
		where `rmtypeid` = rtid;
	
	elseif rtype = 4 then	-- Load List
		select 	`id`, `rmtypeid`, `regular`, `regtimein`, `regtimeout`,
				`overnight`, `ovntimein`, `ovntimeout`,
				`daynight`, `daynightin`, `daynightout`,
				`extension`, `extratebase`		
		from `ca_room_rates`;
	else
		select 'Nothing to do here.';
	end if;
end */$$
DELIMITER ;

/* Procedure structure for procedure `sp_tranaccommodations` */

/*!50003 DROP PROCEDURE IF EXISTS  `sp_tranaccommodations` */;

DELIMITER $$

/*!50003 CREATE DEFINER=`root`@`localhost` PROCEDURE `sp_tranaccommodations`(
	rtype int,
	rid bigint,
	rtid bigint,
	rcode varchar(25),
	rdesc varchar(100),
	cap int,
	cid bigint
)
begin
	declare rec_exist int;
	
	set rec_exist = (select count(`id`) 
					 from `ca_rooms` 
					 where (`roomcode` = rcode or `roomdesc` = rdesc)
					 );
	
	if rtype = 0 then		-- Add
		set rec_exist = (select count(`id`) 
						 from `ca_rooms` 
						 where `recstatus` = true
						   and (`roomcode` = rcode or `roomdesc` = rdesc)
						 );
		if rec_exist = 0 then
			insert into `ca_rooms` 
				(`typeid`, `roomcode`, `roomdesc`, `capacity`, `recstatus`, `datecreated`, `createdbyid`)
			values
				(rtid, rcode, rdesc, cap, true, now(), cid);
		end if;
	
	elseif rtype = 1 then	-- Update
		set rec_exist = (select count(`id`) 
						 from `ca_rooms` 
						 where `recstatus` = true
						   and (`roomcode` = rcode or `roomdesc` = rdesc)
						   and `id` != rid	
						 );
		if rec_exist = 0 then
			update `ca_rooms`
			set	`typeid` = rtid, `roomcode` = rcode, `roomdesc` = rdesc, `capacity` = cap, `datemodified` = now(), `modifiedbyid` = cid
			where `id` = rid;
		end if;
	
	elseif rtype = 2 then	-- Delete
		update `ca_rooms` set `recstatus` = false where `id` = rid;
				
	elseif rtype = 3 then	-- Load Information
		select `id`, `typeid`, `roomcode`, `roomdesc`, `capacity`
		from `ca_rooms`
		where `id` = rid;
	
	elseif rtype = 4 then	-- Load List
		if rtid > 0 then
			select `id`, `typeid`, `roomcode`, `roomdesc`, `capacity`
			from `ca_rooms`
			where `recstatus` = true
			  and `typeid` = rtid
			order by `id`, `roomdesc` asc;			
		else
			select `id`, `typeid`, `roomcode`, `roomdesc`, `capacity`
			from `ca_rooms`
			where `recstatus` = true
			order by `id`, `roomdesc` asc;		
		end if;
	else
		select 'Nothing to do here.';
	end if;
end */$$
DELIMITER ;

/* Procedure structure for procedure `sp_tranaccommodationtransfer` */

/*!50003 DROP PROCEDURE IF EXISTS  `sp_tranaccommodationtransfer` */;

DELIMITER $$

/*!50003 CREATE DEFINER=`root`@`localhost` PROCEDURE `sp_tranaccommodationtransfer`(
	bkid bigint,
	frtid bigint,
	frid bigint,
	frate double(10,2),
	nrtid bigint,
	nrid bigint,
	nrate double(10,2),
	trem text,
	cid bigint
)
begin
	
	declare oldrm varchar(100);
	declare newrm varchar(100);
	
	set oldrm = (select `roomdesc` from `ca_rooms` where `id` = frid);
	set newrm = (select `roomdesc` from `ca_rooms` where `id` = nrid);
	
	insert into `ca_booking_transfers`
		(`bid`, `frmtypeid`, `frmid`, `frmrate`, `newrmtypeid`, `newrmid`, `rmrate`, `remarks`, `createdbyid`, `datecreated`)
	values
		(bkid, frtid, frid, frate, nrtid, nrid, nrate, trem, cid, now());
	
	-- Notify crew to check new room before transfer.	
	insert into `ca_queue_served`
		(`bid`, `guestid`, `message`, `isserved`, `createdbyid`, `datecreated`)
	select a.`id`, `guestid`, concat('Prepare ', newrm, ' for guest ', concat(b.`firstname`, ' ', b.`lastname` )), false, cid, now() 
	from `ca_booking` 				as a
		inner join `ca_guest_info` 	as b on a.`guestid` = b.`id`
	where a.`id` = bkid;
	
	-- Notify crew to check old room before transfer.	
	insert into `ca_queue_served`
		(`bid`, `guestid`, `message`, `isserved`, `createdbyid`, `datecreated`)
	select a.`id`, `guestid`, concat('Guest ', concat(b.`firstname`, ' ', b.`lastname`), ' is requesting for a room transfer from ', oldrm, ' to ', newrm, ' check room after guest vacates.'), false, cid, now() 
	from `ca_booking` 				as a
		inner join `ca_guest_info` 	as b on a.`guestid` = b.`id`
	where a.`id` = bkid;
end */$$
DELIMITER ;

/* Procedure structure for procedure `sp_tranaccommodationtypes` */

/*!50003 DROP PROCEDURE IF EXISTS  `sp_tranaccommodationtypes` */;

DELIMITER $$

/*!50003 CREATE DEFINER=`root`@`localhost` PROCEDURE `sp_tranaccommodationtypes`(
	rtype int,
	atid bigint,
	atdesc varchar(50),
	act1 bit,
	act2 int(1),
	act3 double,
	cid bigint
)
begin
	declare rec_exist int;
	
	if rtype = 0 then		-- Add
		set rec_exist = (select count(`id`) from `ca_roomtype` where `typedesc` = atdesc and `recstatus` = true);
		if rec_exist = 0 then
			insert into `ca_roomtype` 
				(`typedesc`, `allowdp`, `dptype`, `dpvalue`, `recstatus`, `datecreated`, `createdbyid`)
			values
				(atdesc, act1, act2, act3, true, now(), cid);
		end if;
	
	elseif rtype = 1 then	-- Update
		set rec_exist = (select count(`id`) from `ca_roomtype` where `typedesc` = atdesc and `recstatus` = true and `id` != atid);
		if rec_exist = 0 then
			update `ca_roomtype`
			set	`typedesc` = atdesc, `allowdp` = act1, `dptype` = act2, `dpvalue` = act3, `datemodified` = now(), `modifiedbyid` = cid
			where `id` = atid;
		end if;
	
	elseif rtype = 2 then	-- Delete
		update `ca_roomtype` set `recstatus` = false where `id` = atid;
				
	elseif rtype = 3 then	-- Load Information
		select `id`, `typedesc`, `allowdp`, `dptype`, `dpvalue`
		from `ca_roomtype`
		where `id` = atid;
	
	elseif rtype = 4 then	-- Load List
		select 	`id`, `typedesc`, 
				case `allowdp` when true then 'Yes' else 'No' end as allowdp,  
				case `dptype`
					when 0 then 'Not defined'
					when 1 then 'Percentage' 
					when 2 then 'Fixed Amount'
					else 'Not Defined' 
				end as dptype,
				`dpvalue` 
		from `ca_roomtype`
		where `recstatus` = true;
	else
		select 'Nothing to do here.';
	end if;
end */$$
DELIMITER ;

/* Procedure structure for procedure `sp_tranbookingitems` */

/*!50003 DROP PROCEDURE IF EXISTS  `sp_tranbookingitems` */;

DELIMITER $$

/*!50003 CREATE DEFINER=`root`@`localhost` PROCEDURE `sp_tranbookingitems`(
	bid bigint,
	typeid int,
	itype int,
	idesc varchar(150),
	iqty int,
	iamt decimal(10,2),
	cid bigint
)
begin
	
	if itype = 1 and iamt = 0 then
		insert into `ca_booking_items`
			(`bkid`, `itemtype`, `itemdesc`, `itemqty`, `itemamt`, `ispaid`, `createdbyid`, `datecreated`)
		values
			(bid, itype, idesc, iqty, iamt, true, cid, now());
			
		-- Queue Serve
		insert into `ca_queue_served` 
			(`bid`, `guestid`, `message`, `isserved`, `createdbyid`, `datecreated`)
		select 	bid, a.`guestid`, concat('Guest Sir/Ma\'am ', concat(b.`lastname`, ', ',b.`firstname`), ' is requesting for ', iqty, ' ', idesc) as msg,
				false, cid, now()
		from 			`ca_booking` 	as a
			inner join	`ca_guest_info` as b on a.`guestid` = b.`id`
			inner join 	`ca_rooms`		as c on a.`roomid` = c.`id`
		where a.`id` = bid;
			
	else
		insert into `ca_booking_items`
			(`bkid`, `itemtype`, `itemdesc`, `itemqty`, `itemamt`, `createdbyid`, `datecreated`)
		values
			(bid, itype, idesc, iqty, iamt, cid, now());
			
		-- Queue Serve
		insert into `ca_queue_served` 
			(`bid`, `guestid`, `message`, `isserved`, `createdbyid`, `datecreated`)
		select 	bid, a.`guestid`, concat('Guest Sir/Ma\'am ', concat(b.`lastname`, ', ',b.`firstname`), ' is requesting for ', iqty, ' ', idesc) as msg,
				false, cid, now()
		from 			`ca_booking` 	as a
			inner join	`ca_guest_info` as b on a.`guestid` = b.`id`
			inner join 	`ca_rooms`		as c on a.`roomid` = c.`id`
		where a.`id` = bid;	
	end if;
	
	if itype = 2 and typeid = 1 then
		update `ca_booking` set `guesta` = `guesta` + iqty where `id` = bid;
	elseif itype = 2 and typeid = 2 then
		update `ca_booking` set `guestc` = `guestc` + iqty where `id` = bid;
	elseif itype = 2 and typeid = 3 then
		update `ca_booking` set `guestc2` = `guestc2` + iqty where `id` = bid;
	else 
		select 'Nothing to do here.'; 
	end if;
		
end */$$
DELIMITER ;

/* Procedure structure for procedure `sp_tranguestinformation` */

/*!50003 DROP PROCEDURE IF EXISTS  `sp_tranguestinformation` */;

DELIMITER $$

/*!50003 CREATE DEFINER=`root`@`localhost` PROCEDURE `sp_tranguestinformation`(
	rtype int,
	sparam text,
	gid bigint,
	sid int,
	n1 varchar(50),
	n2 varchar(50),
	n3 varchar(50),
	i1 text,
	i2 varchar(100),
	i3 varchar(25),
	i4 varchar(25),
	i5 varchar(50),
	cid bigint
)
begin
	declare rec_exist int;
	if rtype = 0 then		-- Add
		set rec_exist = (select count(`id`) from `ca_guest_info` where `lastname` = n1 and `firstname` = n2);
		if rec_exist = 0 then
			insert into `ca_guest_info`
				(`salutation`, `lastname`, `firstname`, `middlename`, `address`, `email`, `landline`, `fax`, `mobile`, `datecreated`, `createdbyid`)
			values
				(sid, n1, n2, n3, i1, i2, i3, i4, i5, now(), cid);
			
			select last_insert_id() from `ca_guest_info`;
		else
			select `id` from `ca_guest_info` where `lastname` = n1 and `firstname` = n2;
		end if;
	
	elseif rtype = 1 then 	-- Update
		set rec_exist = (select count(`id`) from `ca_guest_info` where `lastname` = n1 and `firstname` = n2 and `id` != gid);
		if rec_exist = 0 then
			update `ca_guest_info`
			set `salutation` = sid, `lastname` = n1, `firstname` = n2, `middlename` = n3,
				`address` = i1, `email` = i2, `landline` = i3, `fax` = i4, `mobile` = i5,
				`datemodified` = now(), `modifiedbyid` = cid
			where `id` = gid;
		end if;
	
	elseif rtype = 2 then 	-- Delete
		delete from `ca_guest_info` where `id` = gid;
	
	elseif rtype = 3 then	-- Load Information
		select	`id`, `salutation`, `lastname`, `firstname`, `middlename`, `address`, 
				`email`, `landline`, `fax`, `mobile`
		from `ca_guest_info`
		where `id` = gid;
	
	elseif rtype = 4 then 	-- Load List
		select `id`, concat(case `salutation` when 1 then 'Mr. ' when 2 then 'Ms. ' when 3 then 'Mrs. ' else 'Mr. ' end, `firstname`, ' ', `lastname`) as gname
		from `ca_guest_info`;
	
	elseif rtype = 5 then 	-- Search 
		select `id`, concat(case `salutation` when 1 then 'Mr. ' when 2 then 'Ms. ' when 3 then 'Mrs. ' else 'Mr. ' end, `firstname`, ' ', `lastname`) as gname
		from `ca_guest_info`
		where (`lastname` like concat('%', sparam, '%') or `firstname` like concat('%', sparam, '%'));
	
	else 
		select 'Nothing to do here.';
	end if; 
	
end */$$
DELIMITER ;

/* Procedure structure for procedure `sp_tranguestrates` */

/*!50003 DROP PROCEDURE IF EXISTS  `sp_tranguestrates` */;

DELIMITER $$

/*!50003 CREATE DEFINER=`root`@`localhost` PROCEDURE `sp_tranguestrates`(
	rtype int,
	dr0 double(10,2),
	df0 time,
	dt0 time,
	nr0 double(10,2),
	nf0 time,
	nt0 time,
	dr1 double(10,2),
	df1 time,
	dt1 time,
	nr1 double(10,2),
	nf1 time,
	nt1 time,
	dr2 double(10,2),
	df2 time,
	dt2 time,
	nr2 double(10,2),
	nf2 time,
	nt2 time,
	dn0	double(10,2),
	dn1	double(10,2),
	dn2	double(10,2),
	cid bigint
)
begin
	declare a_exists int;
	declare b_exists int;
	declare c_exists int;
	
	if rtype = 0 then
		set a_exists = (select count(`id`) from `ca_guest_rates` where id = 1);
		if a_exists > 0 then
			update `ca_guest_rates`
			set `dayrate` = dr0, `dfrom` = df0, `dto` = dt0, `nightrate` = nr0, `nfrom` = nf0, `nto` = nt0, `daynightrate` = dn0,
				`modifiedbyid` = cid, `datemodified` = now()
			where `id` = 1;
		else	
			insert into `ca_guest_rates`
				(`gtype`, `dayrate`, `dfrom`, `dto`, `nightrate`, `nfrom`, `nto`, `daynightrate`, `createdbyid`, `datecreated`)
			values
				('Adult', dr0, df0, dt0, nr0, nf0, nt0, dn0, cid, now());
		end if;
		
		set b_exists = (select count(`id`) from `ca_guest_rates` where id = 2);
		if b_exists > 0 then
			update `ca_guest_rates`
			set `dayrate` = dr1, `dfrom` = df1, `dto` = dt1, `nightrate` = nr1, `nfrom` = nf1, `nto` = nt1, `daynightrate` = dn1,
				`modifiedbyid` = cid, `datemodified` = now()
			where `id` = 2;
		else	
			insert into `ca_guest_rates`
				(`gtype`, `dayrate`, `dfrom`, `dto`, `nightrate`, `nfrom`, `nto`, `daynightrate`, `createdbyid`, `datecreated`)
			values
				('Children 4ft and above', dr1, df1, dt1, nr1, nf1, nt1, dn1, cid, now());
		end if;
		
		set c_exists = (select count(`id`) from `ca_guest_rates` where id = 3);
		if c_exists > 0 then
			update `ca_guest_rates`
			set `dayrate` = dr2, `dfrom` = df2, `dto` = dt2, `nightrate` = nr2, `nfrom` = nf2, `nto` = nt2, `daynightrate` = dn2,
				`modifiedbyid` = cid, `datemodified` = now()
			where `id` = 3;
		else	
			insert into `ca_guest_rates`
				(`gtype`, `dayrate`, `dfrom`, `dto`, `nightrate`, `nfrom`, `nto`, `daynightrate`, `createdbyid`, `datecreated`)
			values
				('Children below 4ft', dr2, df2, dt2, nr2, nf2, nt2, dn2, cid, now());
		end if;
	else
		select `id`, `gtype`, `dayrate`, `dfrom`, `dto`, `nightrate`, `nfrom`, `nto`, `daynightrate`
		from `ca_guest_rates`;
	end if;
end */$$
DELIMITER ;

/* Procedure structure for procedure `sp_traninvitems` */

/*!50003 DROP PROCEDURE IF EXISTS  `sp_traninvitems` */;

DELIMITER $$

/*!50003 CREATE DEFINER=`root`@`localhost` PROCEDURE `sp_traninvitems`(
	rtype int,
	iid bigint,
	itid bigint,
	icode varchar(25),
	idesc varchar(150),
	iprice double(10,2),
	wdepo bit,
	depoamt double(10,2),
	sparam varchar(100),
	cid bigint
)
begin
	declare rec_exist int;
	
	if rtype = 0 then		-- Add
		set rec_exist = (select count(`id`) from `ca_invitems` where (`itemcode` = icode  or `itemdesc` = idesc));
		if rec_exist = 0 then
			insert into `ca_invitems` 
				(`typeid`, `itemcode`, `itemdesc`, `price`, `withdeposit`, `depositamt`, `itemstat`, `createdbyid`, `datecreated`)
			values
				(itid, icode, idesc, iprice, wdepo, depoamt, true, cid, now());
		end if;
	
	elseif rtype = 1 then	-- Update
		set rec_exist = (select count(`id`) from `ca_invitems` where `id` != iid and `itemcode` = icode );
		if rec_exist = 0 then
			update `ca_invitems` 
			set `typeid` = itid, `itemcode` = icode, `itemdesc` = idesc, `price` = iprice, 
				`withdeposit` = wdepo, `depositamt` = depoamt, `modifiedbyid` = cid, `modifieddate` = now() 
			where `id` = iid;
		end if;
	
	elseif rtype = 2 then	-- Delete
		update `ca_invitems` set `itemstat` = false where `id` = iid;
				
	elseif rtype = 3 then	-- Load Information
		select `id`, `typeid`, `itemcode`, `itemdesc`, `price`, `withdeposit`, `depositamt` 
		from `ca_invitems` where `id` = iid;
	
	elseif rtype = 4 then	-- Load List
		select `id`, `typeid`, `itemcode`, `itemdesc`, `price`, `withdeposit`, `depositamt` 
		from `ca_invitems`
		where `itemstat` = true;
		
	elseif rtype = 5 then	-- Search
		select `id`, `typeid`, `itemcode`, `itemdesc`, `price`, `withdeposit`, `depositamt`
		from `ca_invitems`
		where `itemstat` = true
		  and (`itemcode` like concat('%', sparam, '%') or `itemdesc` like concat('%', sparam, '%'));
	else
		select 'Nothing to do here.';
	end if;
end */$$
DELIMITER ;

/* Procedure structure for procedure `sp_traninvitemsin` */

/*!50003 DROP PROCEDURE IF EXISTS  `sp_traninvitemsin` */;

DELIMITER $$

/*!50003 CREATE DEFINER=`root`@`localhost` PROCEDURE `sp_traninvitemsin`(
	rtype int,
	rid bigint,
	itid int,
	iid bigint,
	qin bigint,
	cid bigint
)
begin
	
	if rtype = 0 then 			-- Add
		insert into `ca_invitems_in`
			(`itype`, `itemid`, `qtyin`, `createdbyid`, `datecreated`)
		values
			(itid, iid, qin, cid, now());
			
	elseif rtype = 1 then 		-- Update
		update `ca_invitems_in` 
		set `qtyin` = qin
		where `id` = rid;
		
	elseif rtype = 2 then 		-- Delete
		delete from `ca_invitems_in` where `id` = rid;
	
	elseif rtype = 3 then		-- Load Information
		select 'Nothing to do here.';
		
	elseif rtype = 4 then 		-- Load List
		select 'Nothing to do here.';
		
	elseif rtype = 5 then		-- Search 
		select 'Nothing to do here.';
		
	else
		select 'Nothing to do here.';
		
	end if;
end */$$
DELIMITER ;

/* Procedure structure for procedure `sp_traninvitemsout` */

/*!50003 DROP PROCEDURE IF EXISTS  `sp_traninvitemsout` */;

DELIMITER $$

/*!50003 CREATE DEFINER=`root`@`localhost` PROCEDURE `sp_traninvitemsout`(
	bid bigint,
	itid int,
	iid bigint,
	iq int,
	ip int,
	ist int,
	istat bit,
	cid bigint
)
begin 
	insert into `ca_invitems_out`
		(`bkid`, `itype`, `itemid`, `iqty`, `iprice`, `isubtotal`, `istatus`, `createdbyid`, `datecreated`)
	values
		(bid, itid, iid, iq, ip, ist, istat, cid, now());
	
end */$$
DELIMITER ;

/* Procedure structure for procedure `sp_traninvtypes` */

/*!50003 DROP PROCEDURE IF EXISTS  `sp_traninvtypes` */;

DELIMITER $$

/*!50003 CREATE DEFINER=`root`@`localhost` PROCEDURE `sp_traninvtypes`(
	rtype int,
	itid bigint,
	itdesc varchar(100),
	sparam varchar(100),
	cid bigint
)
begin
	declare rec_exist int;
	
	if rtype = 0 then		-- Add
		set rec_exist = (select count(`id`) from `ca_invtypes` where `typedesc` = itdesc);
		if rec_exist = 0 then
			insert into `ca_invtypes` 
				(`typedesc`, `typestat`, `createdbyid`, `datecreated`)
			values
				(itdesc, true, cid, now());
		end if;
	
	elseif rtype = 1 then	-- Update
		set rec_exist = (select count(`id`) from `ca_invtypes` where `id` != itid and `typedesc` = itdesc);
		if rec_exist = 0 then
			update `ca_invtypes` set `typedesc` = itdesc where `id` = itid;
		end if;
	
	elseif rtype = 2 then	-- Delete
		update `ca_invtypes` set `typestat` = false where `id` = itid;
				
	elseif rtype = 3 then	-- Load Information
		select `id`, `typedesc`, `typestat` from `ca_invtypes` where `id` = itid;
	
	elseif rtype = 4 then	-- Load List
		select `id`, `typedesc`, `typestat` from `ca_invtypes` where `typestat` = true;
	
	elseif rtype = 5 then 	-- Search
		select `id`, `typedesc` from `ca_invtypes` where `typestat` = true and `typedesc` like concat('%', sparam, '%');
		
	else
		select 'Nothing to do here.';
	end if;
end */$$
DELIMITER ;

/* Procedure structure for procedure `sp_tranrefunditems` */

/*!50003 DROP PROCEDURE IF EXISTS  `sp_tranrefunditems` */;

DELIMITER $$

/*!50003 CREATE DEFINER=`root`@`localhost` PROCEDURE `sp_tranrefunditems`(
	rtype int,
	bid bigint,
	tid bigint,
	itid bigint,
	itname varchar(200),
	refamt decimal(10,2),
	cid bigint
)
begin
	if rtype = 0 then		-- Add refund item
		insert into `ca_itemsforrefund`
			(`bkid`, `typeid`, `itemtypeid`, `itemname`, `refundamt`, `isrefunded`, `createdbyid`, `datecreated`)
		values
			(bid, tid, itid, itname, refamt, false, cid, now());
			
	elseif rtype = 1 then 	-- Items Refunded
		update `ca_itemsforrefund` 
		set `isrefunded` = true, `modifiedbyid` = cid, `datemodifed` = now()
		where `bkid` = bid
		  and `isrefunded` = false;
		  
	elseif rtype = 2 then 	-- Remove Items for Refund
		select 'Nothing to do here.';
		
	elseif rtype = 3 then	-- Retrieve Item Info
		select 'Nothing to do here.';
	
	elseif rtype = 4 then 	-- Retrieve Items for refund
		select `id`, `itemname`, `refundamt`
		from `ca_itemsforrefund`
		where `isrefunded` = false
		  and `bkid` = bid;
	else
		select 'Nothing to do here.';
	end if;
end */$$
DELIMITER ;

/* Procedure structure for procedure `sp_tranreqitems` */

/*!50003 DROP PROCEDURE IF EXISTS  `sp_tranreqitems` */;

DELIMITER $$

/*!50003 CREATE DEFINER=`root`@`localhost` PROCEDURE `sp_tranreqitems`(
	rtype int,
	bid bigint,
	itype int,
	iid	bigint,
	idesc varchar(150),
	iqty int,
	iamt decimal(10,2)
)
begin
	
	declare iexists int;
	if rtype = 0 then		-- Add
		set iexists = (select count(`id`) from `ca_reqitems` where `bkid` = bid and `itemid` = iid);
		
		if iexists = 0 then
			insert into `ca_reqitems`
				(`bkid`, `itemtype`, `itemid`, `itemdesc`, `itemqty`, `itemamt`)
			values
				(bid, itype, iid, idesc, iqty, iamt);
		else 
			update `ca_reqitems`
			set `itemqty` = `itemqty` + iqty, `itemamt` = `itemamt` + iamt
			where `bkid` = bid and `itemid` = iid;
		end if;
	elseif rtype = 1 then	-- Edit
		select 'Nothing to do here.';
	
	elseif rtype = 2 then	-- Delete
		delete from `ca_reqitems` where `bkid` = bid and `itemid` = iid;
	
	elseif rtype = 3 then	-- Load Info
		select 'Nothing to do here.';
	
	elseif rtype = 4 then	-- Load List
		select `id`, `bkid`, `itemtype`, `itemdesc`, `itemqty`, `itemamt`
		from `ca_reqitems`
		where `bkid` = bid;
	
	elseif rtype = 5 then	-- Search List
		select 'Nothing to do here.';
	
	elseif rtype = 6 then	-- Delete Cache
		delete from `ca_reqitems` where `bkid` = bid;
		
	else
		select 'Nothing to do here.';
		
	end if;
	
end */$$
DELIMITER ;

/* Procedure structure for procedure `sp_tranreservation` */

/*!50003 DROP PROCEDURE IF EXISTS  `sp_tranreservation` */;

DELIMITER $$

/*!50003 CREATE DEFINER=`root`@`localhost` PROCEDURE `sp_tranreservation`(
	rtype int,
	resid bigint,
	gid bigint,
	rtid bigint,
	rmid bigint,
	rdate date,
	ison bit,
	egcnt int,
	paid bit,
	dp double,
	bal double,
	rmk text,
	g0 int,
	g1 varchar(50),
	g2 varchar(50),
	g3 varchar(50),
	g4 text,
	g5 varchar(100),
	g6 varchar(25),
	g7 varchar(50),
	cid bigint,
	sparam text
)
begin
	
	declare recexist int;
	declare newgid bigint;
	declare rid bigint;
	
	if rtype = 0 then 		-- Add
		-- Guest Information
		if gid = 0 then
			insert into `ca_guest_info`
				(`salutation`, `lastname`, `firstname`, `middlename`, `address`, `email`, `landline`, `mobile`, `datecreated`, `createdbyid`)
			values
				(g0, g1, g2, g3, g4, g5, g6, g7, now(), cid);
			set newgid = (select distinct last_insert_id() from `ca_guest_info`);
		else
			set newgid = gid;
		end if;
	
		-- Reservation
		insert into `ca_reservation`
			(`guestid`, `rmtypeid`, `roomid`, `rsdate`, `isovernight`, `estguestcnt`, `ispaid`, `rsvstatus`, `downpayment`, `balance`, `remarks`)
		values
			(newgid, rtid, rmid, rdate, ison, egcnt, paid, dp, bal, rmk);
			
		set rid = (select distinct last_insert_id() from `ca_reservation`);
		
		update `ca_reservation` 
		set `rsvno` = concat(date_format(now(), '%Y-%m-'), lpad(`id`, 6, '0'))
		where `id` = rid; 
				
	elseif rtype = 1 then 	-- Update
		select 'Nothing to do here.';
	elseif rtype = 2 then 	-- Delete
		select 'Nothing to do here.';
	elseif rtype = 3 then 	-- Show Info
		select 'Nothing to do here.';
	elseif rtype = 4 then 	-- Show List
		select 'Nothing to do here.';
	else
		select 'Nothing to do here.';
	end if;
	
end */$$
DELIMITER ;

/* Procedure structure for procedure `sp_transferritobi` */

/*!50003 DROP PROCEDURE IF EXISTS  `sp_transferritobi` */;

DELIMITER $$

/*!50003 CREATE DEFINER=`root`@`localhost` PROCEDURE `sp_transferritobi`( bid bigint, cid bigint)
begin
	insert into `ca_booking_items`
		(`bkid`, `itemtype`, `itemid`, `itemdesc`, `itemqty`, `itemamt`, `ispaid`, `createdbyid`, `datecreated`)
	select bid, 3, `itemid`, `itemdesc`, `itemqty`, `itemamt`, false, cid, now()
	from `ca_reqitems`
	where `bkid` = bid;
	
	insert into `ca_invitems_out`
		(`bkid`, `itype`, `itemid`, `iqty`, `iprice`, `isubtotal`, `istatus`, `createdbyid`, `datecreated`)
	select a.`bkid`, a.`itemtype`, a.`itemid`, a.`itemqty`, b.`price`, a.`itemamt`, true, cid, now()
		from 			`ca_reqitems` as a
			inner join 	`ca_invitems` as b on a.`itemid` = b.`id`
	where a.`bkid` = bid;
	
	delete from `ca_reqitems` where `bkid` = bid;
end */$$
DELIMITER ;

/* Procedure structure for procedure `sp_tranuserroles` */

/*!50003 DROP PROCEDURE IF EXISTS  `sp_tranuserroles` */;

DELIMITER $$

/*!50003 CREATE DEFINER=`root`@`localhost` PROCEDURE `sp_tranuserroles`(
	rtype int,
	rid bigint,
	rdesc varchar(150),
	a1 bit,
	a2 bit,
	a3 bit,
	a4 bit,
	a5 bit,
	a6 bit,
	cid bigint
)
begin
	declare rec_exist int;
	
	if rtype = 0 then		-- Add
		set rec_exist = (select count(`id`) from `ca_user_roles` where `roledesc` = rdesc and `rolestat` = true);
		if rec_exist = 0 then
			insert into `ca_user_roles`
				(`roledesc`, `allowlogin`, `allowbilling`, `allowreserve`, `allowinventory`, `allowcashier`, `allowsettings`, `rolestat`, `datecreated`, `createdbyid`)
			values
				(rdesc, a1, a2, a3, a4, a5, a6, true, now(), cid);
		end if;
	
	elseif rtype = 1 then	-- Update
		set rec_exist = (select count(`id`) from `ca_user_roles` where `roledesc` = rdesc and `rolestat` = true and `id` != rid);
		if rec_exist = 0 then
			update `ca_user_roles`
			set `roledesc` = rdesc, `allowlogin` = a1, `allowbilling` = a2, `allowreserve` = a3, `allowinventory` = a4, `allowcashier` = a5, `allowsettings` = a6,
				`datemodified` = now(), `modifiedbyid` = cid
			where `id` = rid;
		end if;
	
	elseif rtype = 2 then	-- Delete
		update `ca_user_roles` set `rolestat` = false where `id` = rid;
				
	elseif rtype = 3 then	-- Load Information
		select `id`, `roledesc`, `allowlogin`, `allowbilling`, `allowreserve`, `allowinventory`, `allowcashier`, `allowsettings`
		from `ca_user_roles` 
		where `id` = rid;
	
	elseif rtype = 4 then	-- Load List
		select `id`, `roledesc`, `allowlogin`, `allowbilling`, `allowreserve`, `allowinventory`, `allowcashier`, `allowsettings`
		from `ca_user_roles` 
		where `rolestat` = true;
	else
		select 'Nothing to do here.';
	end if;
end */$$
DELIMITER ;

/* Procedure structure for procedure `sp_tranusers` */

/*!50003 DROP PROCEDURE IF EXISTS  `sp_tranusers` */;

DELIMITER $$

/*!50003 CREATE DEFINER=`root`@`localhost` PROCEDURE `sp_tranusers`(
	rtype int,
	uid bigint,
	bcid varchar(25),
	lid varchar(25),
	lpw text,
	lname varchar(50),
	fname varchar(50),
	mname varchar(50),
	rid bigint,
	cid bigint
)
begin
	declare rec_exist int;
	
	if rtype = 0 then		-- Add
		set rec_exist = (select count(`id`) 
				 from `ca_users` 
				 where `recstatus` = true
				   and (`barcodeid` = bcid or `loginid` = lid)
				 );
		if rec_exist = 0 then
			insert into `ca_users` 
				(`barcodeid`, `loginid`, `loginpw`, `lastname`, `firstname`, `middlename`, `roleid`, `recstatus`, `datecreated`, `createdbyid`)
			values
				(bcid, lid, md5(lpw), lname, fname, mname, rid, true, now(), cid);
		end if;
	
	elseif rtype = 1 then	-- Update
		set rec_exist = (select count(`id`) 
						 from `ca_users` 
						 where `recstatus` = true
						   and `barcodeid` = bcid 
						   and `loginid` = lid
						   and `id` != uid
						 );
		if rec_exist = 0 then
			if length(lpw) > 0 then
				update `ca_users`
				set	`loginid` = lid, `barcodeid` = bcid, `loginpw` = lpw, `lastname` = lname, `firstname` = fname, `middlename` = mname, 
					`roleid` = rid, `datemodified` = now(), `modifiedbyid` = cid
				where `id` = uid;
			else
				update `ca_users`
				set	`loginid` = lid, `barcodeid` = bcid, `lastname` = lname, `firstname` = fname, `middlename` = mname, 
					`roleid` = rid, `datemodified` = now(), `modifiedbyid` = cid
				where `id` = uid;	
			end if;
		end if;
	
	elseif rtype = 2 then	-- Delete
		update `ca_users` set `recstatus` = false where `id` = uid;
				
	elseif rtype = 3 then	-- Load Information
		select `id`, `barcodeid`, `loginid`, `loginpw`, `lastname`, `firstname`, `middlename`, `roleid`
		from `ca_users` 
		where `id` = uid;
	
	elseif rtype = 4 then	-- Load List
		select `id`, concat(`lastname`, ', ', `firstname`) as guestname, `barcodeid`, `loginid`, `loginpw`, `lastname`, `firstname`, `middlename`, `roleid`
		from `ca_users` 
		where `recstatus` = true;
	else
		select 'Nothing to do here.';
	end if;
end */$$
DELIMITER ;

/* Procedure structure for procedure `sp_updatebookingaccommodation` */

/*!50003 DROP PROCEDURE IF EXISTS  `sp_updatebookingaccommodation` */;

DELIMITER $$

/*!50003 CREATE DEFINER=`root`@`localhost` PROCEDURE `sp_updatebookingaccommodation`(
	bid bigint,
	rtid bigint,
	rid bigint,
	cid bigint
)
begin
	update `ca_booking` 
	set `rmtypeid` = rtid, `roomid` = rid, `modifiedbyid` = cid, `datemodified` = now()
	where `id` = bid;
end */$$
DELIMITER ;

/* Procedure structure for procedure `sp_updatequeueboard` */

/*!50003 DROP PROCEDURE IF EXISTS  `sp_updatequeueboard` */;

DELIMITER $$

/*!50003 CREATE DEFINER=`root`@`localhost` PROCEDURE `sp_updatequeueboard`(bid bigint, u int)
begin
	if u = 0 then 		-- Put on Queue
		update `ca_serving_board` set `inqueue` = true where `bkid` = bid;
	elseif u = 1 then 	-- Served
		update `ca_serving_board` set `inqueue` = true, `served` = true where `bkid` = bid;
	else 
		select 'Nothing to do here.';
	end if;
end */$$
DELIMITER ;

/* Procedure structure for procedure `sp_validatecredentials` */

/*!50003 DROP PROCEDURE IF EXISTS  `sp_validatecredentials` */;

DELIMITER $$

/*!50003 CREATE DEFINER=`root`@`localhost` PROCEDURE `sp_validatecredentials`(lid varchar(25), lpw text)
BEGIN
		declare recordcount int;
		
		set recordcount = (select count(id) from `ca_users` where `loginid` = lid and `loginpw` = md5(lpw));
		
		if recordcount > 0 then
			select	a.`id` as uid, a.`loginid` as lid, a.`lastname` as lname, a.`firstname` as fname,
					b.`id` as rid, b.`roledesc`,
					b.`allowlogin`, b.`allowbilling`, b.`allowreserve`, b.`allowinventory`, b.`allowcashier`, b.`allowsettings`,
					a.`recstatus`
			from 			`ca_users` 		as a
				inner join	`ca_user_roles`	as b on a.`roleid` = b.`id` and b.`rolestat` = true
			where a.`loginid` = lid
			  and a.`loginpw` = md5(lpw);
		end if;
		
    END */$$
DELIMITER ;

/*!40101 SET SQL_MODE=@OLD_SQL_MODE */;
/*!40014 SET FOREIGN_KEY_CHECKS=@OLD_FOREIGN_KEY_CHECKS */;
/*!40014 SET UNIQUE_CHECKS=@OLD_UNIQUE_CHECKS */;
/*!40111 SET SQL_NOTES=@OLD_SQL_NOTES */;
